{
  "measurements": {
    "Doing analysis at TEMP": 27.0,
    "RESULT_VGS1": -2.47317,
    "RESULT_VDS1": -16.5026,
    "RESULT_VGS5": -0.934506,
    "RESULT_VDS5": -12.5268,
    "RESULT_VGS6": 0.970548,
    "RESULT_VDS6": 27.4017,
    "RESULT_VGS7": 12.7722,
    "RESULT_VDS7": 12.1085,
    "RESULT_POWER_MW": 522.594,
    "dc_gain_db": 97.88401,
    "gbw_hz": 82856400.0,
    "phase_at_gbw": 1.477219,
    "RESULT_PHASE_MARGIN": 181.477,
    "cm_gain_db": -1.84039,
    "RESULT_CMRR_DB": 99.7244,
    "vout_min": -6.53146,
    "vout_max": 14.62921,
    "RESULT_SWING": 21.1607
  },
  "score": 0.9715372459167729,
  "details": {
    "dc_gain_db": {
      "measured": 97.88401,
      "target": ">100",
      "met": false,
      "score": 0.9788401,
      "unit": "dB"
    },
    "gbw_hz": {
      "measured": 82856400.0,
      "target": ">10e6",
      "met": true,
      "score": 1.0,
      "unit": "Hz"
    },
    "phase_margin_deg": {
      "measured": 181.477,
      "target": ">60",
      "met": true,
      "score": 1.0,
      "unit": "deg"
    },
    "power_mw": {
      "measured": 522.594,
      "target": "<500",
      "met": false,
      "score": 0.9567656727784857,
      "unit": "mW"
    },
    "output_swing_v": {
      "measured": 21.1607,
      "target": ">24",
      "met": false,
      "score": 0.8816958333333332,
      "unit": "V"
    },
    "cmrr_db": {
      "measured": 99.7244,
      "target": ">80",
      "met": true,
      "score": 1.0,
      "unit": "dB"
    }
  },
  "parameters": {
    "Cc1": 4.226296988446548e-12,
    "Cc2": 1.1358463404051558e-11,
    "Ibias1": 1.6504874600495542e-05,
    "Ibias2": 0.0002303291738625955,
    "Ibias3": 4.6858084435281064e-05,
    "L1": 1.7758162144722123,
    "L10": 2.973383330144675,
    "L3": 2.8408632991807043,
    "L5": 1.8699773388589647,
    "L6a": 3.7550085729253766,
    "L6b": 9.591709262237424,
    "L8a": 1.0009703347253347,
    "L8b": 2.945901019372128,
    "L9": 2.0568056798898087,
    "Lbias1": 2.002923416806569,
    "Lbias2": 2.8586833545460704,
    "Lbias3": 4.542055942611194,
    "Rc1": 58218.46758439339,
    "Rc2": 59.73615485770709,
    "W1": 85.29078066338502,
    "W10": 3.096420028138113,
    "W3": 39.855790083702566,
    "W5": 98.13803645271393,
    "W6a": 31.087258933489764,
    "W6b": 2.1113047494125743,
    "W8a": 2.1052232697331146,
    "W8b": 107.59805634550636,
    "W9": 91.23583948032892,
    "Wbias1": 22.971764460989544,
    "Wbias2": 20.56341150075055,
    "Wbias3": 1.5506055865661637
  },
  "de_result": {
    "converged": true,
    "iterations": 248,
    "diversity": 0.20356357737590663,
    "stop_reason": "stagnated (div=0.2036, no_improve=150)",
    "best_metric": -2.9989435235969153
  }
}