{
  "measurements": {
    "Doing analysis at TEMP": 27.0,
    "RESULT_VGS1": -2.32385,
    "RESULT_VDS1": -16.6037,
    "RESULT_VGS5": -0.752965,
    "RESULT_VDS5": -12.6762,
    "RESULT_VGS6": 0.720138,
    "RESULT_VDS6": 28.451,
    "RESULT_VGS7": 0.872098,
    "RESULT_VDS7": 16.3977,
    "RESULT_POWER_MW": 299.057,
    "dc_gain_db": 160.523,
    "gbw_hz": 25465760.0,
    "phase_at_gbw": 2.677131,
    "RESULT_PHASE_MARGIN": 182.677,
    "cm_gain_db": -0.4028413,
    "RESULT_CMRR_DB": 160.926,
    "vout_min": -12.33425,
    "vout_max": 14.84717,
    "RESULT_SWING": 27.1814
  },
  "score": 1.0,
  "details": {
    "dc_gain_db": {
      "measured": 160.523,
      "target": ">100",
      "met": true,
      "score": 1.0,
      "unit": "dB"
    },
    "gbw_hz": {
      "measured": 25465760.0,
      "target": ">10e6",
      "met": true,
      "score": 1.0,
      "unit": "Hz"
    },
    "phase_margin_deg": {
      "measured": 182.677,
      "target": ">60",
      "met": true,
      "score": 1.0,
      "unit": "deg"
    },
    "power_mw": {
      "measured": 299.057,
      "target": "<500",
      "met": true,
      "score": 1.0,
      "unit": "mW"
    },
    "output_swing_v": {
      "measured": 27.1814,
      "target": ">24",
      "met": true,
      "score": 1.0,
      "unit": "V"
    },
    "cmrr_db": {
      "measured": 160.926,
      "target": ">80",
      "met": true,
      "score": 1.0,
      "unit": "dB"
    }
  },
  "parameters": {
    "Cc1": 1.5406325440368702e-12,
    "Cc2": 1.0168039537778149e-13,
    "Ibias1": 9.413426446719255e-06,
    "Ibias2": 5.371873351788179e-05,
    "Ibias3": 0.00020713655830900563,
    "L1": 0.9894707603660419,
    "L10": 1.1154058822545296,
    "L3": 1.2379293026893925,
    "L5": 1.920440318476094,
    "L6a": 2.2733035440532747,
    "L6b": 9.673131387878309,
    "L8a": 3.0586087361123697,
    "L8b": 0.9273435752363746,
    "L9": 2.016092782126758,
    "Lbias1": 0.8729824293337316,
    "Lbias2": 1.8420796354750748,
    "Lbias3": 4.010007225084686,
    "Rc1": 12193.815192103253,
    "Rc2": 9084.639264447927,
    "W1": 278.90670651100436,
    "W10": 413.38209540409264,
    "W3": 2.5433319354868904,
    "W5": 1.5787396458772411,
    "W6a": 17.423530681190627,
    "W6b": 1.452771402641744,
    "W8a": 2.338623857578658,
    "W8b": 145.02388140481526,
    "W9": 221.70619499474773,
    "Wbias1": 112.92332611622564,
    "Wbias2": 214.09982040279152,
    "Wbias3": 16.70997867727802
  },
  "de_result": {
    "converged": true,
    "iterations": 594,
    "diversity": 0.15168709991079973,
    "stop_reason": "stagnated (div=0.1517, no_improve=150)",
    "best_metric": -7.012126499999999
  }
}