{
  "measurements": {
    "Doing analysis at TEMP": 27.0,
    "RESULT_VGS1": -2.32257,
    "RESULT_VDS1": -16.6203,
    "RESULT_VGS5": -0.743893,
    "RESULT_VDS5": -12.6774,
    "RESULT_VGS6": 0.702242,
    "RESULT_VDS6": 27.8588,
    "RESULT_VGS7": 0.952927,
    "RESULT_VDS7": 17.7273,
    "RESULT_POWER_MW": 328.946,
    "dc_gain_db": 185.981,
    "gbw_hz": 41393970.0,
    "phase_at_gbw": 2.971552,
    "RESULT_PHASE_MARGIN": 182.972,
    "cm_gain_db": 2.911715,
    "RESULT_CMRR_DB": 183.069,
    "vout_min": -14.45642,
    "vout_max": 14.81421,
    "RESULT_SWING": 29.2706
  },
  "score": 1.0,
  "details": {
    "dc_gain_db": {
      "measured": 185.981,
      "target": ">100",
      "met": true,
      "score": 1.0,
      "unit": "dB"
    },
    "gbw_hz": {
      "measured": 41393970.0,
      "target": ">10e6",
      "met": true,
      "score": 1.0,
      "unit": "Hz"
    },
    "phase_margin_deg": {
      "measured": 182.972,
      "target": ">60",
      "met": true,
      "score": 1.0,
      "unit": "deg"
    },
    "power_mw": {
      "measured": 328.946,
      "target": "<500",
      "met": true,
      "score": 1.0,
      "unit": "mW"
    },
    "output_swing_v": {
      "measured": 29.2706,
      "target": ">24",
      "met": true,
      "score": 1.0,
      "unit": "V"
    },
    "cmrr_db": {
      "measured": 183.069,
      "target": ">80",
      "met": true,
      "score": 1.0,
      "unit": "dB"
    }
  },
  "parameters": {
    "Cc1": 1.3512191355620383e-12,
    "Cc2": 1.238748298632852e-12,
    "Ibias1": 6.374134346497155e-06,
    "Ibias2": 5.219981871426599e-06,
    "Ibias3": 6.929659477259441e-05,
    "L1": 0.9785658205784168,
    "L10": 0.6106745158929271,
    "L3": 10.450447752254966,
    "L5": 8.927876013979184,
    "L6a": 0.5810048470480448,
    "L6b": 9.183158136428649,
    "L8a": 2.4491780311300806,
    "L8b": 1.0396700450067107,
    "L9": 4.8106578516759955,
    "Lbias1": 1.2376509340450736,
    "Lbias2": 0.7734064933441648,
    "Lbias3": 1.469692203577837,
    "Rc1": 1000.1188897802589,
    "Rc2": 85358.53454849005,
    "W1": 212.9986685811254,
    "W10": 305.5943920781149,
    "W3": 250.64181951892328,
    "W5": 1.5358602062522206,
    "W6a": 15.144109013466021,
    "W6b": 1.0259897232381219,
    "W8a": 3.2085572908230384,
    "W8b": 386.95280350743315,
    "W9": 433.74327056395106,
    "Wbias1": 157.9154640111049,
    "Wbias2": 370.3155088320376,
    "Wbias3": 6.6992343294496255
  },
  "de_result": {
    "converged": true,
    "iterations": 846,
    "diversity": 0.14240807830416827,
    "stop_reason": "stagnated (div=0.1424, no_improve=150)",
    "best_metric": -7.5621945
  }
}