{
  "measurements": {
    "Doing analysis at TEMP": 27.0,
    "RESULT_VGS1": -2.32414,
    "RESULT_VDS1": -16.616,
    "RESULT_VGS5": -0.781568,
    "RESULT_VDS5": -12.6759,
    "RESULT_VGS6": 0.708151,
    "RESULT_VDS6": 28.8095,
    "RESULT_VGS7": 0.946511,
    "RESULT_VDS7": 14.8626,
    "RESULT_POWER_MW": 308.316,
    "dc_gain_db": 169.9393,
    "gbw_hz": 54688030.0,
    "phase_at_gbw": 2.348897,
    "RESULT_PHASE_MARGIN": 182.349,
    "cm_gain_db": 4.901677,
    "RESULT_CMRR_DB": 165.037,
    "vout_min": -14.67299,
    "vout_max": 14.95224,
    "RESULT_SWING": 29.6252
  },
  "score": 1.0,
  "details": {
    "dc_gain_db": {
      "measured": 169.9393,
      "target": ">100",
      "met": true,
      "score": 1.0,
      "unit": "dB"
    },
    "gbw_hz": {
      "measured": 54688030.0,
      "target": ">10e6",
      "met": true,
      "score": 1.0,
      "unit": "Hz"
    },
    "phase_margin_deg": {
      "measured": 182.349,
      "target": ">60",
      "met": true,
      "score": 1.0,
      "unit": "deg"
    },
    "power_mw": {
      "measured": 308.316,
      "target": "<500",
      "met": true,
      "score": 1.0,
      "unit": "mW"
    },
    "output_swing_v": {
      "measured": 29.6252,
      "target": ">24",
      "met": true,
      "score": 1.0,
      "unit": "V"
    },
    "cmrr_db": {
      "measured": 165.037,
      "target": ">80",
      "met": true,
      "score": 1.0,
      "unit": "dB"
    }
  },
  "parameters": {
    "Cc1": 8.634837102308679e-13,
    "Cc2": 1.4021301012976687e-12,
    "Ibias1": 7.1707019076696025e-06,
    "Ibias2": 1.9301338533232833e-05,
    "Ibias3": 0.0002932520604133538,
    "L1": 0.7101140281993502,
    "L10": 0.9739048508558895,
    "L3": 2.075750345486561,
    "L5": 8.333432449561641,
    "L6a": 1.5743966419030386,
    "L6b": 9.007468759384228,
    "L8a": 5.506254732580489,
    "L8b": 1.3583135212360362,
    "L9": 1.1214037835255763,
    "Lbias1": 5.260839603428719,
    "Lbias2": 1.1463262892575192,
    "Lbias3": 0.8838538714531148,
    "Rc1": 135.8698566215122,
    "Rc2": 13822.761724707869,
    "W1": 350.6310783404761,
    "W10": 728.6327891534163,
    "W3": 106.72091103374031,
    "W5": 11.845701871501518,
    "W6a": 20.24154838512763,
    "W6b": 1.0933539515792485,
    "W8a": 8.63732585802946,
    "W8b": 427.01431185183037,
    "W9": 398.79137362109327,
    "Wbias1": 218.2665847865935,
    "Wbias2": 350.43043305870424,
    "Wbias3": 13.2207865495916
  },
  "de_result": {
    "converged": true,
    "iterations": 618,
    "diversity": 0.1564933432134532,
    "stop_reason": "stagnated (div=0.1565, no_improve=150)",
    "best_metric": -7.325413
  }
}