{
  "measurements": {
    "Doing analysis at TEMP": 27.0,
    "RESULT_VGS1": -2.32202,
    "RESULT_VDS1": -16.6134,
    "RESULT_VGS5": -0.749645,
    "RESULT_VDS5": -12.678,
    "RESULT_VGS6": 0.70862,
    "RESULT_VDS6": 29.0607,
    "RESULT_VGS7": 0.97028,
    "RESULT_VDS7": 14.005,
    "RESULT_POWER_MW": 222.663,
    "dc_gain_db": 173.0386,
    "gbw_hz": 24299880.0,
    "phase_at_gbw": -3.079855,
    "RESULT_PHASE_MARGIN": 176.92,
    "cm_gain_db": -4.876457,
    "RESULT_CMRR_DB": 177.915,
    "vout_min": -14.0475,
    "vout_max": 14.92229,
    "RESULT_SWING": 28.9698
  },
  "score": 1.0,
  "details": {
    "dc_gain_db": {
      "measured": 173.0386,
      "target": ">100",
      "met": true,
      "score": 1.0,
      "unit": "dB"
    },
    "gbw_hz": {
      "measured": 24299880.0,
      "target": ">10e6",
      "met": true,
      "score": 1.0,
      "unit": "Hz"
    },
    "phase_margin_deg": {
      "measured": 176.92,
      "target": ">60",
      "met": true,
      "score": 1.0,
      "unit": "deg"
    },
    "power_mw": {
      "measured": 222.663,
      "target": "<500",
      "met": true,
      "score": 1.0,
      "unit": "mW"
    },
    "output_swing_v": {
      "measured": 28.9698,
      "target": ">24",
      "met": true,
      "score": 1.0,
      "unit": "V"
    },
    "cmrr_db": {
      "measured": 177.915,
      "target": ">80",
      "met": true,
      "score": 1.0,
      "unit": "dB"
    }
  },
  "parameters": {
    "Cc1": 1.9476184510747252e-11,
    "Cc2": 1.5443507424926324e-11,
    "Ibias1": 3.773421093002624e-05,
    "Ibias2": 8.416402820820352e-05,
    "Ibias3": 2.3118819283928434e-05,
    "Ibias4": 5.6785832753167055e-05,
    "L1": 0.6822670826982768,
    "L10": 0.9109291479644844,
    "L3": 3.12931937028458,
    "L5": 7.9714836590325175,
    "L6a": 1.1430511285662297,
    "L6b": 9.281201033431902,
    "L8a": 6.965428355526129,
    "L8b": 1.5651306897271755,
    "L9": 1.246109872970292,
    "Lbias1": 0.7718459600062244,
    "Lbias2": 1.1617066776934106,
    "Lbias3": 6.6157276601369714,
    "Lbias4": 2.201304778333875,
    "Lc": 4.026606925840958,
    "Rc1": 1862.597227246067,
    "Rc2": 41712.62360363318,
    "W1": 338.23259070796325,
    "W10": 322.57627045196165,
    "W3": 6.749029697724057,
    "W5": 1.260025951289526,
    "W6a": 22.373862031687896,
    "W6b": 1.079915986350302,
    "W8a": 1.8684423348459362,
    "W8b": 479.0519371551695,
    "W9": 271.5293409426341,
    "Wbias1": 455.60353620488246,
    "Wbias2": 152.2058379793465,
    "Wbias3": 7.9367860699994,
    "Wbias4": 1.1091345354868172,
    "Wc": 1.0767782870864526
  },
  "de_result": {
    "converged": true,
    "iterations": 934,
    "diversity": 0.13380925702150792,
    "stop_reason": "stagnated (div=0.1338, no_improve=150)",
    "best_metric": 292.39660449999997
  }
}