{
  "measurements": {
    "Doing analysis at TEMP": 27.0,
    "RESULT_VGS1": -2.32255,
    "RESULT_VDS1": -16.6181,
    "RESULT_VGS5": -0.730447,
    "RESULT_VDS5": -12.6774,
    "RESULT_VGS6": 0.704417,
    "RESULT_VDS6": 28.6082,
    "RESULT_VGS7": 0.85399,
    "RESULT_VDS7": 14.5922,
    "RESULT_POWER_MW": 227.813,
    "dc_gain_db": 171.779,
    "gbw_hz": 27435710.0,
    "phase_at_gbw": 3.026889,
    "RESULT_PHASE_MARGIN": 183.027,
    "cm_gain_db": -6.36138,
    "RESULT_CMRR_DB": 178.14,
    "vout_min": -14.73141,
    "vout_max": 14.7414,
    "RESULT_SWING": 29.4728
  },
  "score": 1.0,
  "details": {
    "dc_gain_db": {
      "measured": 171.779,
      "target": ">100",
      "met": true,
      "score": 1.0,
      "unit": "dB"
    },
    "gbw_hz": {
      "measured": 27435710.0,
      "target": ">10e6",
      "met": true,
      "score": 1.0,
      "unit": "Hz"
    },
    "phase_margin_deg": {
      "measured": 183.027,
      "target": ">60",
      "met": true,
      "score": 1.0,
      "unit": "deg"
    },
    "power_mw": {
      "measured": 227.813,
      "target": "<500",
      "met": true,
      "score": 1.0,
      "unit": "mW"
    },
    "output_swing_v": {
      "measured": 29.4728,
      "target": ">24",
      "met": true,
      "score": 1.0,
      "unit": "V"
    },
    "cmrr_db": {
      "measured": 178.14,
      "target": ">80",
      "met": true,
      "score": 1.0,
      "unit": "dB"
    }
  },
  "parameters": {
    "Cc1": 6.326951126006334e-12,
    "Cc2": 4.4815412873111995e-12,
    "Ibias1": 1.007658223774157e-05,
    "Ibias2": 1.2621389075024142e-05,
    "Ibias3": 0.00015538939951609054,
    "L1": 1.3182589605118922,
    "L10": 0.6916571328431044,
    "L3": 1.3940927535272614,
    "L5": 1.762782182378208,
    "L6a": 0.8198891018626185,
    "L6b": 9.234081425741369,
    "L8a": 8.151785508569569,
    "L8b": 1.0218983140761388,
    "L9": 3.0824475038571246,
    "Lbias1": 0.9888762574666953,
    "Lbias2": 1.3357322419957374,
    "Lbias3": 1.4075013829076153,
    "Rc1": 119.93421725003127,
    "Rc2": 8737.92605044374,
    "W1": 406.86482142623083,
    "W10": 683.7722497455479,
    "W3": 25.509359644207915,
    "W5": 1.8750578467412056,
    "W6a": 47.17967702472038,
    "W6b": 1.0502562145021297,
    "W8a": 10.695848899390127,
    "W8b": 213.1348528214672,
    "W9": 198.22595106341038,
    "Wbias1": 414.81026298404225,
    "Wbias2": 172.11450463968043,
    "Wbias3": 7.820632103349013
  },
  "de_result": {
    "converged": true,
    "iterations": 780,
    "diversity": 0.1479174825626908,
    "stop_reason": "stagnated (div=0.1479, no_improve=150)",
    "best_metric": -7.5941909999999995
  }
}