{
  "measurements": {
    "Doing analysis at TEMP": 27.0,
    "RESULT_VGS1": -2.34492,
    "RESULT_VDS1": -16.5563,
    "RESULT_VGS5": -1.03433,
    "RESULT_VDS5": -12.6551,
    "RESULT_VGS6": 0.788605,
    "RESULT_VDS6": 28.8284,
    "RESULT_VGS7": 6.23582,
    "RESULT_VDS7": 11.3082,
    "RESULT_POWER_MW": 384.937,
    "dc_gain_db": 104.5535,
    "gbw_hz": 45094250.0,
    "phase_at_gbw": 2.304799,
    "RESULT_PHASE_MARGIN": 182.305,
    "cm_gain_db": -21.06851,
    "RESULT_CMRR_DB": 125.623,
    "vout_min": -5.812621,
    "vout_max": 14.91031,
    "RESULT_SWING": 20.7229
  },
  "score": 0.979518125,
  "details": {
    "dc_gain_db": {
      "measured": 104.5535,
      "target": ">100",
      "met": true,
      "score": 1.0,
      "unit": "dB"
    },
    "gbw_hz": {
      "measured": 45094250.0,
      "target": ">10e6",
      "met": true,
      "score": 1.0,
      "unit": "Hz"
    },
    "phase_margin_deg": {
      "measured": 182.305,
      "target": ">60",
      "met": true,
      "score": 1.0,
      "unit": "deg"
    },
    "power_mw": {
      "measured": 384.937,
      "target": "<500",
      "met": true,
      "score": 1.0,
      "unit": "mW"
    },
    "output_swing_v": {
      "measured": 20.7229,
      "target": ">24",
      "met": false,
      "score": 0.8634541666666666,
      "unit": "V"
    },
    "cmrr_db": {
      "measured": 125.623,
      "target": ">80",
      "met": true,
      "score": 1.0,
      "unit": "dB"
    }
  },
  "parameters": {
    "Cc1": 3.705835136098234e-13,
    "Cc2": 1.576231281872925e-13,
    "Ibias1": 3.8325469369382645e-05,
    "Ibias2": 0.00023486597475581245,
    "Ibias3": 0.0002731206282446862,
    "L1": 3.486508357727648,
    "L10": 1.584260950512528,
    "L3": 15.732737510496657,
    "L5": 1.3296271014636127,
    "L6a": 1.5999124042220525,
    "L6b": 8.50905323896188,
    "L8a": 5.319143550843012,
    "L8b": 2.1879604361213962,
    "L9": 0.6688192655509374,
    "Lbias1": 3.6053321190282905,
    "Lbias2": 5.012368249325553,
    "Lbias3": 2.8075689124208862,
    "Rc1": 483.5267635333409,
    "Rc2": 43.04056561412998,
    "W1": 218.1977231109965,
    "W10": 5.295316994708149,
    "W3": 64.2386428740407,
    "W5": 1.0600046936467784,
    "W6a": 272.48872743319794,
    "W6b": 1.3810413926081084,
    "W8a": 5.525188595795265,
    "W8b": 45.671846189200025,
    "W9": 126.13113976230504,
    "Wbias1": 47.01677115682079,
    "Wbias2": 4.280713968360767,
    "Wbias3": 2.5525710701050794
  },
  "de_result": {
    "converged": true,
    "iterations": 429,
    "diversity": 0.20345452371640033,
    "stop_reason": "stagnated (div=0.2035, no_improve=150)",
    "best_metric": -3.608189154947916
  }
}