{
  "measurements": {
    "Doing analysis at TEMP": 27.0,
    "RESULT_VGS1": -2.43473,
    "RESULT_VDS1": -16.5089,
    "RESULT_VGS5": -0.808223,
    "RESULT_VDS5": -12.5653,
    "RESULT_VGS6": 0.925781,
    "RESULT_VDS6": 27.4053,
    "RESULT_VGS7": 1.90059,
    "RESULT_VDS7": 13.6488,
    "RESULT_POWER_MW": 378.787,
    "dc_gain_db": 91.08102,
    "gbw_hz": 16891110.0,
    "phase_at_gbw": 2.385031,
    "RESULT_PHASE_MARGIN": 182.385,
    "cm_gain_db": -12.74018,
    "RESULT_CMRR_DB": 103.821,
    "vout_min": -6.968984,
    "vout_max": 13.60025,
    "RESULT_SWING": 20.5692
  },
  "score": 0.96071954,
  "details": {
    "dc_gain_db": {
      "measured": 91.08102,
      "target": ">100",
      "met": false,
      "score": 0.9108101999999999,
      "unit": "dB"
    },
    "gbw_hz": {
      "measured": 16891110.0,
      "target": ">10e6",
      "met": true,
      "score": 1.0,
      "unit": "Hz"
    },
    "phase_margin_deg": {
      "measured": 182.385,
      "target": ">60",
      "met": true,
      "score": 1.0,
      "unit": "deg"
    },
    "power_mw": {
      "measured": 378.787,
      "target": "<500",
      "met": true,
      "score": 1.0,
      "unit": "mW"
    },
    "output_swing_v": {
      "measured": 20.5692,
      "target": ">24",
      "met": false,
      "score": 0.85705,
      "unit": "V"
    },
    "cmrr_db": {
      "measured": 103.821,
      "target": ">80",
      "met": true,
      "score": 1.0,
      "unit": "dB"
    }
  },
  "parameters": {
    "Cc1": 9.017358125863604e-13,
    "Cc2": 2.2764111883396237e-12,
    "Ibias1": 8.054960849092347e-06,
    "Ibias2": 3.391278799096128e-05,
    "Ibias3": 0.0007101890017513859,
    "L1": 3.0994444321591117,
    "L10": 0.524354361086604,
    "L3": 18.074836560875195,
    "L5": 0.6165667931591521,
    "L6a": 3.1960776837327565,
    "L6b": 6.236034070880652,
    "L8a": 3.184914808755049,
    "L8b": 0.631563294952734,
    "L9": 5.207606004526199,
    "Lbias1": 2.263745405954343,
    "Lbias2": 0.5125054994689977,
    "Lbias3": 2.056402875962355,
    "Rc1": 1503.286758805546,
    "Rc2": 386.9828283102215,
    "W1": 21.444459201705047,
    "W10": 17.02212818092711,
    "W3": 29.294410222622847,
    "W5": 12.188380808961384,
    "W6a": 34.15387738905514,
    "W6b": 1.153015161839113,
    "W8a": 290.41275255512534,
    "W8b": 374.02454192509913,
    "W9": 55.12248939410565,
    "Wbias1": 59.856370085247164,
    "Wbias2": 27.337323651236407,
    "Wbias3": 99.20978362000695
  },
  "de_result": {
    "converged": true,
    "iterations": 268,
    "diversity": 0.2185763574630343,
    "stop_reason": "stagnated (div=0.2186, no_improve=150)",
    "best_metric": -1.7115387700959983
  }
}