{
  "measurements": {
    "Doing analysis at TEMP": 27.0,
    "RESULT_VGS1": -2.32196,
    "RESULT_VDS1": -16.6093,
    "RESULT_VGS5": -0.721695,
    "RESULT_VDS5": -12.678,
    "RESULT_VGS6": 0.71265,
    "RESULT_VDS6": 28.2858,
    "RESULT_VGS7": 0.864342,
    "RESULT_VDS7": 15.5253,
    "RESULT_POWER_MW": 213.815,
    "dc_gain_db": 172.9195,
    "gbw_hz": 23066220.0,
    "phase_at_gbw": -3.003871,
    "RESULT_PHASE_MARGIN": 176.996,
    "cm_gain_db": -6.124531,
    "RESULT_CMRR_DB": 179.044,
    "vout_min": -14.26277,
    "vout_max": 14.63301,
    "RESULT_SWING": 28.8958
  },
  "score": 1.0,
  "details": {
    "dc_gain_db": {
      "measured": 172.9195,
      "target": ">100",
      "met": true,
      "score": 1.0,
      "unit": "dB"
    },
    "gbw_hz": {
      "measured": 23066220.0,
      "target": ">10e6",
      "met": true,
      "score": 1.0,
      "unit": "Hz"
    },
    "phase_margin_deg": {
      "measured": 176.996,
      "target": ">60",
      "met": true,
      "score": 1.0,
      "unit": "deg"
    },
    "power_mw": {
      "measured": 213.815,
      "target": "<500",
      "met": true,
      "score": 1.0,
      "unit": "mW"
    },
    "output_swing_v": {
      "measured": 28.8958,
      "target": ">24",
      "met": true,
      "score": 1.0,
      "unit": "V"
    },
    "cmrr_db": {
      "measured": 179.044,
      "target": ">80",
      "met": true,
      "score": 1.0,
      "unit": "dB"
    }
  },
  "parameters": {
    "Cc1": 5.106260232231159e-12,
    "Cc2": 2.1479427437692295e-13,
    "Ibias1": 9.449613945827745e-06,
    "Ibias2": 1.0853830957078881e-05,
    "Ibias3": 1.4890670409566284e-05,
    "L1": 0.6999838605080642,
    "L10": 0.6260669187666396,
    "L3": 39.30023019954005,
    "L5": 7.61795013972738,
    "L6a": 2.430216238590373,
    "L6b": 9.366821352015743,
    "L8a": 8.05574479498663,
    "L8b": 0.9275594181195808,
    "L9": 1.2985597948779397,
    "Lbias1": 0.5065859139501131,
    "Lbias2": 1.0614850322221494,
    "Lbias3": 1.7057918400720395,
    "Rc1": 50.29431214391116,
    "Rc2": 23237.929455292015,
    "W1": 241.9036437688623,
    "W10": 288.95905119411776,
    "W3": 6.999988670678157,
    "W5": 1.239952473617535,
    "W6a": 5.200111479705558,
    "W6b": 1.0343566999178704,
    "W8a": 6.531528874775229,
    "W8b": 369.02298595873094,
    "W9": 58.20866793616546,
    "Wbias1": 392.64589827672575,
    "Wbias2": 243.45313905628956,
    "Wbias3": 1.8001356244095201
  },
  "de_result": {
    "converged": true,
    "iterations": 956,
    "diversity": 0.14296109609821842,
    "stop_reason": "stagnated (div=0.1430, no_improve=150)",
    "best_metric": -7.622932500000001
  }
}