{
  "measurements": {
    "Doing analysis at TEMP": 27.0,
    "RESULT_VGS1": -2.32231,
    "RESULT_VDS1": -16.6178,
    "RESULT_VGS5": -0.742528,
    "RESULT_VDS5": -12.6777,
    "RESULT_VGS6": 0.704561,
    "RESULT_VDS6": 28.5167,
    "RESULT_VGS7": 0.894325,
    "RESULT_VDS7": 15.925,
    "RESULT_POWER_MW": 247.974,
    "dc_gain_db": 178.9438,
    "gbw_hz": 23026680.0,
    "phase_at_gbw": -2.757081,
    "RESULT_PHASE_MARGIN": 177.243,
    "cm_gain_db": -1.366603,
    "RESULT_CMRR_DB": 180.311,
    "vout_min": -14.53816,
    "vout_max": 14.87755,
    "RESULT_SWING": 29.4157
  },
  "score": 1.0,
  "details": {
    "dc_gain_db": {
      "measured": 178.9438,
      "target": ">100",
      "met": true,
      "score": 1.0,
      "unit": "dB"
    },
    "gbw_hz": {
      "measured": 23026680.0,
      "target": ">10e6",
      "met": true,
      "score": 1.0,
      "unit": "Hz"
    },
    "phase_margin_deg": {
      "measured": 177.243,
      "target": ">60",
      "met": true,
      "score": 1.0,
      "unit": "deg"
    },
    "power_mw": {
      "measured": 247.974,
      "target": "<500",
      "met": true,
      "score": 1.0,
      "unit": "mW"
    },
    "output_swing_v": {
      "measured": 29.4157,
      "target": ">24",
      "met": true,
      "score": 1.0,
      "unit": "V"
    },
    "cmrr_db": {
      "measured": 180.311,
      "target": ">80",
      "met": true,
      "score": 1.0,
      "unit": "dB"
    }
  },
  "parameters": {
    "Cc1": 1.0680671935977885e-11,
    "Cc2": 1.7566586742744236e-11,
    "Ibias1": 1.3644607605194958e-05,
    "Ibias2": 1.1459516046721915e-05,
    "Ibias3": 4.513577497743283e-05,
    "L1": 1.5458585596663044,
    "L10": 0.5854622979729333,
    "L3": 1.509710622537846,
    "L5": 5.871888877790023,
    "L6a": 0.8050566509233171,
    "L6b": 9.789613500905832,
    "L8a": 1.892251270037917,
    "L8b": 0.8647351305001653,
    "L9": 1.0961280239616917,
    "Lbias1": 1.0651903717766154,
    "Lbias2": 1.1671678107844972,
    "Lbias3": 1.5014812811072298,
    "Rc1": 2096.1402260034984,
    "Rc2": 13850.019484724164,
    "W1": 336.4383054077965,
    "W10": 353.96999165778874,
    "W3": 10.453499073588212,
    "W5": 1.2872745432752133,
    "W6a": 25.528203928255618,
    "W6b": 1.0471849253142786,
    "W8a": 1.299424772013869,
    "W8b": 443.3942979431929,
    "W9": 150.90084309477692,
    "Wbias1": 309.93719187026784,
    "Wbias2": 122.31263179226518,
    "Wbias3": 6.4141794059661175
  },
  "de_result": {
    "converged": true,
    "iterations": 857,
    "diversity": 0.1374322342675724,
    "stop_reason": "stagnated (div=0.1374, no_improve=150)",
    "best_metric": 292.32656475
  }
}