{
  "measurements": {
    "Doing analysis at TEMP": 27.0,
    "RESULT_VGS1": -2.36558,
    "RESULT_VDS1": -16.6099,
    "RESULT_VGS5": -0.980272,
    "RESULT_VDS5": -12.6344,
    "RESULT_VGS6": 0.755629,
    "RESULT_VDS6": 28.5332,
    "RESULT_VGS7": 1.96457,
    "RESULT_VDS7": 2.82201,
    "RESULT_POWER_MW": 527.162,
    "dc_gain_db": 103.789,
    "gbw_hz": 57165500.0,
    "phase_at_gbw": 2.010565,
    "RESULT_PHASE_MARGIN": 182.011,
    "cm_gain_db": -20.34839,
    "RESULT_CMRR_DB": 124.137,
    "vout_min": -14.44038,
    "vout_max": 13.65334,
    "RESULT_SWING": 28.0937
  },
  "score": 0.9922712562741625,
  "details": {
    "dc_gain_db": {
      "measured": 103.789,
      "target": ">100",
      "met": true,
      "score": 1.0,
      "unit": "dB"
    },
    "gbw_hz": {
      "measured": 57165500.0,
      "target": ">10e6",
      "met": true,
      "score": 1.0,
      "unit": "Hz"
    },
    "phase_margin_deg": {
      "measured": 182.011,
      "target": ">60",
      "met": true,
      "score": 1.0,
      "unit": "deg"
    },
    "power_mw": {
      "measured": 527.162,
      "target": "<500",
      "met": false,
      "score": 0.9484750418277493,
      "unit": "mW"
    },
    "output_swing_v": {
      "measured": 28.0937,
      "target": ">24",
      "met": true,
      "score": 1.0,
      "unit": "V"
    },
    "cmrr_db": {
      "measured": 124.137,
      "target": ">80",
      "met": true,
      "score": 1.0,
      "unit": "dB"
    }
  },
  "parameters": {
    "Cc1": 1.2058302795867892e-13,
    "Cc2": 8.429818598025185e-13,
    "Ibias1": 8.504618033799104e-05,
    "Ibias2": 1.5410939428333406e-05,
    "Ibias3": 0.00030108157758619586,
    "L1": 1.498062504461628,
    "L10": 2.0533891169189844,
    "L3": 0.9482798368018854,
    "L5": 1.2120580979008089,
    "L6a": 2.156650587336331,
    "L6b": 8.888957589038837,
    "L8a": 0.7977342259447358,
    "L8b": 0.8672811450181277,
    "L9": 1.2456450063067677,
    "Lbias1": 4.321874230286847,
    "Lbias2": 1.9609409006949723,
    "Lbias3": 2.590949618727736,
    "Rc1": 152.50684866315945,
    "Rc2": 315.3028025765253,
    "W1": 62.32862303033605,
    "W10": 433.83737427680273,
    "W3": 23.33011049438567,
    "W5": 3.263480308473938,
    "W6a": 28.979001766173866,
    "W6b": 1.2041291225177386,
    "W8a": 7.423563744305427,
    "W8b": 26.556188231458353,
    "W9": 13.778004353587054,
    "Wbias1": 178.42079039874702,
    "Wbias2": 59.150839440452586,
    "Wbias3": 3.521133758593442
  },
  "de_result": {
    "converged": true,
    "iterations": 170,
    "diversity": 0.20678456079779087,
    "stop_reason": "stagnated (div=0.2068, no_improve=150)",
    "best_metric": -4.662016476799999
  }
}