{
  "measurements": {
    "Doing analysis at TEMP": 27.0,
    "RESULT_VGS1": -2.32231,
    "RESULT_VDS1": -16.6202,
    "RESULT_VGS5": -0.75147,
    "RESULT_VDS5": -12.6777,
    "RESULT_VGS6": 0.702107,
    "RESULT_VDS6": 28.7364,
    "RESULT_VGS7": 0.853844,
    "RESULT_VDS7": 14.4969,
    "RESULT_POWER_MW": 253.571,
    "dc_gain_db": 181.4963,
    "gbw_hz": 32120190.0,
    "phase_at_gbw": 2.41464,
    "RESULT_PHASE_MARGIN": 182.415,
    "cm_gain_db": -5.562968,
    "RESULT_CMRR_DB": 187.059,
    "vout_min": -14.74093,
    "vout_max": 14.81357,
    "RESULT_SWING": 29.5545
  },
  "score": 1.0,
  "details": {
    "dc_gain_db": {
      "measured": 181.4963,
      "target": ">100",
      "met": true,
      "score": 1.0,
      "unit": "dB"
    },
    "gbw_hz": {
      "measured": 32120190.0,
      "target": ">10e6",
      "met": true,
      "score": 1.0,
      "unit": "Hz"
    },
    "phase_margin_deg": {
      "measured": 182.415,
      "target": ">60",
      "met": true,
      "score": 1.0,
      "unit": "deg"
    },
    "power_mw": {
      "measured": 253.571,
      "target": "<500",
      "met": true,
      "score": 1.0,
      "unit": "mW"
    },
    "output_swing_v": {
      "measured": 29.5545,
      "target": ">24",
      "met": true,
      "score": 1.0,
      "unit": "V"
    },
    "cmrr_db": {
      "measured": 187.059,
      "target": ">80",
      "met": true,
      "score": 1.0,
      "unit": "dB"
    }
  },
  "parameters": {
    "Cc1": 1.1205019837207183e-11,
    "Cc2": 1.8934889259928455e-13,
    "Ibias1": 7.461996097420152e-06,
    "Ibias2": 5.203487047140009e-06,
    "Ibias3": 3.5435812767916014e-05,
    "L1": 0.7214350849828748,
    "L10": 0.949059129785904,
    "L3": 0.5300069636888805,
    "L5": 7.148542272620529,
    "L6a": 0.5900695470370823,
    "L6b": 9.306611152408554,
    "L8a": 9.152027776048353,
    "L8b": 0.6607428124083548,
    "L9": 0.531579217833944,
    "Lbias1": 3.3965882760075736,
    "Lbias2": 1.8209200249024713,
    "Lbias3": 0.9051106456395623,
    "Rc1": 42665.02051920651,
    "Rc2": 2735.8114959153754,
    "W1": 278.95970287282836,
    "W10": 971.4463652710257,
    "W3": 30.40061079447594,
    "W5": 1.8958497908355165,
    "W6a": 133.83629506793162,
    "W6b": 1.2444645625381259,
    "W8a": 15.288028993520705,
    "W8b": 241.78802373335228,
    "W9": 47.760310717311484,
    "Wbias1": 368.8289480150156,
    "Wbias2": 136.226018338841,
    "Wbias3": 1.7194264561400638
  },
  "de_result": {
    "converged": true,
    "iterations": 1014,
    "diversity": 0.14231431861189817,
    "stop_reason": "stagnated (div=0.1423, no_improve=150)",
    "best_metric": -7.71636925
  }
}