{
  "measurements": {
    "Doing analysis at TEMP": 27.0,
    "RESULT_VGS1": -2.32251,
    "RESULT_VDS1": -16.617,
    "RESULT_VGS5": -0.74067,
    "RESULT_VDS5": -12.6775,
    "RESULT_VGS6": 0.705507,
    "RESULT_VDS6": 28.3567,
    "RESULT_VGS7": 1.02014,
    "RESULT_VDS7": 13.5536,
    "RESULT_POWER_MW": 248.705,
    "dc_gain_db": 171.1939,
    "gbw_hz": 35544180.0,
    "phase_at_gbw": 1.934446,
    "RESULT_PHASE_MARGIN": 181.934,
    "cm_gain_db": -9.404166,
    "RESULT_CMRR_DB": 180.598,
    "vout_min": -14.40422,
    "vout_max": 14.50571,
    "RESULT_SWING": 28.9099
  },
  "score": 1.0,
  "details": {
    "dc_gain_db": {
      "measured": 171.1939,
      "target": ">100",
      "met": true,
      "score": 1.0,
      "unit": "dB"
    },
    "gbw_hz": {
      "measured": 35544180.0,
      "target": ">10e6",
      "met": true,
      "score": 1.0,
      "unit": "Hz"
    },
    "phase_margin_deg": {
      "measured": 181.934,
      "target": ">60",
      "met": true,
      "score": 1.0,
      "unit": "deg"
    },
    "power_mw": {
      "measured": 248.705,
      "target": "<500",
      "met": true,
      "score": 1.0,
      "unit": "mW"
    },
    "output_swing_v": {
      "measured": 28.9099,
      "target": ">24",
      "met": true,
      "score": 1.0,
      "unit": "V"
    },
    "cmrr_db": {
      "measured": 180.598,
      "target": ">80",
      "met": true,
      "score": 1.0,
      "unit": "dB"
    }
  },
  "parameters": {
    "Cc1": 3.5246498123601296e-12,
    "Cc2": 1.0399644105291447e-12,
    "Ibias1": 1.4618787340253576e-05,
    "Ibias2": 2.4224308597497945e-05,
    "Ibias3": 0.00016862584122419715,
    "L1": 0.9192615969208535,
    "L10": 1.803597064256667,
    "L3": 1.230081292191927,
    "L5": 6.354255366470214,
    "L6a": 0.5566483920343092,
    "L6b": 9.729707765225676,
    "L8a": 5.0470207435978,
    "L8b": 1.1227389896056534,
    "L9": 3.757124674420508,
    "Lbias1": 0.6133415352154666,
    "Lbias2": 1.5149261627423734,
    "Lbias3": 4.949792029513275,
    "Rc1": 178.6113346303988,
    "Rc2": 20949.89588702846,
    "W1": 287.58989554844055,
    "W10": 776.5133116442504,
    "W3": 4.86365955423003,
    "W5": 1.2663739559666811,
    "W6a": 9.43943548017297,
    "W6b": 1.0777947249299527,
    "W8a": 1.0832841265757553,
    "W8b": 219.73719433235792,
    "W9": 123.45277570376068,
    "Wbias1": 209.09128260692063,
    "Wbias2": 135.72050759704933,
    "Wbias3": 29.03051666665487
  },
  "de_result": {
    "converged": true,
    "iterations": 682,
    "diversity": 0.15493923588694034,
    "stop_reason": "stagnated (div=0.1549, no_improve=150)",
    "best_metric": -7.484631750000001
  }
}