{
  "measurements": {
    "Doing analysis at TEMP": 27.0,
    "RESULT_VGS1": -2.36037,
    "RESULT_VDS1": -16.6248,
    "RESULT_VGS5": -1.06834,
    "RESULT_VDS5": -12.6396,
    "RESULT_VGS6": 0.73552,
    "RESULT_VDS6": 28.0841,
    "RESULT_VGS7": 1.19362,
    "RESULT_VDS7": 25.2026,
    "RESULT_POWER_MW": 342.154,
    "dc_gain_db": 132.9713,
    "gbw_hz": 26269770.0,
    "phase_at_gbw": -2.692839,
    "RESULT_PHASE_MARGIN": 177.307,
    "cm_gain_db": 3.851401,
    "RESULT_CMRR_DB": 129.12,
    "vout_min": -14.803,
    "vout_max": 10.38262,
    "RESULT_SWING": 25.1856
  },
  "score": 1.0,
  "details": {
    "dc_gain_db": {
      "measured": 132.9713,
      "target": ">100",
      "met": true,
      "score": 1.0,
      "unit": "dB"
    },
    "gbw_hz": {
      "measured": 26269770.0,
      "target": ">10e6",
      "met": true,
      "score": 1.0,
      "unit": "Hz"
    },
    "phase_margin_deg": {
      "measured": 177.307,
      "target": ">60",
      "met": true,
      "score": 1.0,
      "unit": "deg"
    },
    "power_mw": {
      "measured": 342.154,
      "target": "<500",
      "met": true,
      "score": 1.0,
      "unit": "mW"
    },
    "output_swing_v": {
      "measured": 25.1856,
      "target": ">24",
      "met": true,
      "score": 1.0,
      "unit": "V"
    },
    "cmrr_db": {
      "measured": 129.12,
      "target": ">80",
      "met": true,
      "score": 1.0,
      "unit": "dB"
    }
  },
  "parameters": {
    "Cc1a": 5.044227428935287e-12,
    "Cc1b": 3.6198145811267898e-12,
    "Cc2": 7.609032471248538e-11,
    "Ibias1": 0.0003212227783742954,
    "Ibias2": 5.667460766625207e-05,
    "Ibias3": 0.0004041109788521106,
    "L1": 0.9291807424731359,
    "L11": 1.5588011353151434,
    "L12": 7.583239113959411,
    "L3": 1.0753146718008133,
    "L5": 9.504010021042992,
    "L6": 2.5872615308280933,
    "L7": 2.1690094874147303,
    "L8a": 2.5680669300226957,
    "L8b": 4.253515413176537,
    "L9a": 1.7210335427521428,
    "L9b": 0.8710639312368849,
    "Lbias1": 1.25050281458982,
    "Lbias2": 0.8712728139528693,
    "Lbias3": 1.6417568272630605,
    "Rc1a": 66.73961157016535,
    "Rc1b": 240.15681484568702,
    "Rc2": 38926.710890632414,
    "W1": 66.44368290075603,
    "W11": 3.516786852953964,
    "W12": 294.6449176558362,
    "W3": 86.86760387023409,
    "W5": 19.815481009927773,
    "W6": 9.34662415098861,
    "W7": 7.194189464669691,
    "W8a": 62.33081555868359,
    "W8b": 49.98935720816075,
    "W9a": 15.143211650047881,
    "W9b": 17.266688272774402,
    "Wbias1": 112.42199501552088,
    "Wbias2": 324.5472637119163,
    "Wbias3": 12.188332959495495
  },
  "de_result": {
    "converged": true,
    "iterations": 559,
    "diversity": 0.20950365121015624,
    "stop_reason": "stagnated (div=0.2095, no_improve=150)",
    "best_metric": 294.178936
  }
}