{
  "measurements": {
    "Doing analysis at TEMP": 27.0,
    "RESULT_VGS1": -2.32395,
    "RESULT_VDS1": -16.6045,
    "RESULT_VGS5": -0.731188,
    "RESULT_VDS5": -12.6761,
    "RESULT_VGS6": 0.71945,
    "RESULT_VDS6": 28.8825,
    "RESULT_VGS7": 0.814438,
    "RESULT_VDS7": 16.7951,
    "RESULT_POWER_MW": 236.384,
    "dc_gain_db": 164.5822,
    "gbw_hz": 23864000.0,
    "phase_at_gbw": 2.352558,
    "RESULT_PHASE_MARGIN": 182.353,
    "cm_gain_db": 6.384238,
    "RESULT_CMRR_DB": 158.198,
    "vout_min": -14.31382,
    "vout_max": 14.9659,
    "RESULT_SWING": 29.2797
  },
  "score": 1.0,
  "details": {
    "dc_gain_db": {
      "measured": 164.5822,
      "target": ">100",
      "met": true,
      "score": 1.0,
      "unit": "dB"
    },
    "gbw_hz": {
      "measured": 23864000.0,
      "target": ">10e6",
      "met": true,
      "score": 1.0,
      "unit": "Hz"
    },
    "phase_margin_deg": {
      "measured": 182.353,
      "target": ">60",
      "met": true,
      "score": 1.0,
      "unit": "deg"
    },
    "power_mw": {
      "measured": 236.384,
      "target": "<500",
      "met": true,
      "score": 1.0,
      "unit": "mW"
    },
    "output_swing_v": {
      "measured": 29.2797,
      "target": ">24",
      "met": true,
      "score": 1.0,
      "unit": "V"
    },
    "cmrr_db": {
      "measured": 158.198,
      "target": ">80",
      "met": true,
      "score": 1.0,
      "unit": "dB"
    }
  },
  "parameters": {
    "Cc1": 3.24590765807125e-13,
    "Cc2": 2.7675376678921457e-13,
    "Ibias1": 5.270514373757116e-06,
    "Ibias2": 6.375100659123735e-06,
    "Ibias3": 7.339478061013637e-06,
    "L1": 1.0073111873199838,
    "L10": 0.9350542115714907,
    "L3": 18.67193641786242,
    "L5": 6.357363435431237,
    "L6a": 1.5438615850809967,
    "L6b": 9.4694060113663,
    "L8a": 5.666985971912096,
    "L8b": 0.6624102829983394,
    "L9": 0.6941942593444728,
    "Lbias1": 1.3788423488855417,
    "Lbias2": 3.002999086107846,
    "Lbias3": 3.475984279429483,
    "Rc1": 39.31428670794732,
    "Rc2": 791.0561189813355,
    "W1": 199.15721925445015,
    "W10": 478.1009089290564,
    "W3": 57.07692352558753,
    "W5": 20.925359040426674,
    "W6a": 62.55765773573993,
    "W6b": 1.0836012640990362,
    "W8a": 15.569357612676988,
    "W8b": 199.8212649591202,
    "W9": 346.2133562411789,
    "Wbias1": 288.3073501653124,
    "Wbias2": 29.304255567196357,
    "Wbias3": 1.3154451468455854
  },
  "de_result": {
    "converged": true,
    "iterations": 578,
    "diversity": 0.14759571357479817,
    "stop_reason": "stagnated (div=0.1476, no_improve=150)",
    "best_metric": -7.389948250000001
  }
}