{
  "measurements": {
    "Doing analysis at TEMP": 27.0,
    "RESULT_VGS1": -2.32222,
    "RESULT_VDS1": -16.6168,
    "RESULT_VGS5": -0.751294,
    "RESULT_VDS5": -12.6778,
    "RESULT_VGS6": 0.705374,
    "RESULT_VDS6": 29.1083,
    "RESULT_VGS7": 0.926397,
    "RESULT_VDS7": 14.0057,
    "RESULT_POWER_MW": 262.867,
    "dc_gain_db": 179.7663,
    "gbw_hz": 23529440.0,
    "phase_at_gbw": -2.852235,
    "RESULT_PHASE_MARGIN": 177.148,
    "cm_gain_db": -0.4383389,
    "RESULT_CMRR_DB": 180.204,
    "vout_min": -14.49941,
    "vout_max": 14.96231,
    "RESULT_SWING": 29.4617
  },
  "score": 1.0,
  "details": {
    "dc_gain_db": {
      "measured": 179.7663,
      "target": ">100",
      "met": true,
      "score": 1.0,
      "unit": "dB"
    },
    "gbw_hz": {
      "measured": 23529440.0,
      "target": ">10e6",
      "met": true,
      "score": 1.0,
      "unit": "Hz"
    },
    "phase_margin_deg": {
      "measured": 177.148,
      "target": ">60",
      "met": true,
      "score": 1.0,
      "unit": "deg"
    },
    "power_mw": {
      "measured": 262.867,
      "target": "<500",
      "met": true,
      "score": 1.0,
      "unit": "mW"
    },
    "output_swing_v": {
      "measured": 29.4617,
      "target": ">24",
      "met": true,
      "score": 1.0,
      "unit": "V"
    },
    "cmrr_db": {
      "measured": 180.204,
      "target": ">80",
      "met": true,
      "score": 1.0,
      "unit": "dB"
    }
  },
  "parameters": {
    "Cc1": 1.4174828762872429e-12,
    "Cc2": 3.9490898138833166e-11,
    "Ibias1": 2.4752289199399023e-05,
    "Ibias2": 6.15502845890989e-05,
    "Ibias3": 0.00020110418299593632,
    "L1": 0.698494091920392,
    "L10": 0.8291922892831984,
    "L3": 1.0781949670945625,
    "L5": 8.80619041115688,
    "L6a": 0.9686260905215837,
    "L6b": 7.76871728892167,
    "L8a": 1.4339465837845822,
    "L8b": 1.271471659789982,
    "L9": 0.901074905998735,
    "Lbias1": 0.8425032037473458,
    "Lbias2": 0.600729575682179,
    "Lbias3": 4.865868776058255,
    "Rc1": 5125.224429352548,
    "Rc2": 2468.9982103665825,
    "W1": 365.04891413033425,
    "W10": 453.08591981569015,
    "W3": 9.641543680737175,
    "W5": 2.385523131320626,
    "W6a": 43.100202244677895,
    "W6b": 1.0687254908080335,
    "W8a": 2.8744854358311356,
    "W8b": 198.14715572912087,
    "W9": 406.4946415642137,
    "Wbias1": 305.5602432324675,
    "Wbias2": 487.6771340761046,
    "Wbias3": 21.5570381934376
  },
  "de_result": {
    "converged": true,
    "iterations": 968,
    "diversity": 0.14153712344742578,
    "stop_reason": "stagnated (div=0.1415, no_improve=150)",
    "best_metric": 292.35191875
  }
}