{
  "measurements": {
    "Doing analysis at TEMP": 27.0,
    "RESULT_VGS1": -2.32227,
    "RESULT_VDS1": -16.619,
    "RESULT_VGS5": -0.738284,
    "RESULT_VDS5": -12.6777,
    "RESULT_VGS6": 0.703226,
    "RESULT_VDS6": 28.4333,
    "RESULT_VGS7": 1.04981,
    "RESULT_VDS7": 13.7267,
    "RESULT_POWER_MW": 252.698,
    "dc_gain_db": 175.0872,
    "gbw_hz": 20474150.0,
    "phase_at_gbw": -3.051266,
    "RESULT_PHASE_MARGIN": 176.949,
    "cm_gain_db": -8.863289,
    "RESULT_CMRR_DB": 183.95,
    "vout_min": -14.09877,
    "vout_max": 14.56622,
    "RESULT_SWING": 28.665
  },
  "score": 1.0,
  "details": {
    "dc_gain_db": {
      "measured": 175.0872,
      "target": ">100",
      "met": true,
      "score": 1.0,
      "unit": "dB"
    },
    "gbw_hz": {
      "measured": 20474150.0,
      "target": ">10e6",
      "met": true,
      "score": 1.0,
      "unit": "Hz"
    },
    "phase_margin_deg": {
      "measured": 176.949,
      "target": ">60",
      "met": true,
      "score": 1.0,
      "unit": "deg"
    },
    "power_mw": {
      "measured": 252.698,
      "target": "<500",
      "met": true,
      "score": 1.0,
      "unit": "mW"
    },
    "output_swing_v": {
      "measured": 28.665,
      "target": ">24",
      "met": true,
      "score": 1.0,
      "unit": "V"
    },
    "cmrr_db": {
      "measured": 183.95,
      "target": ">80",
      "met": true,
      "score": 1.0,
      "unit": "dB"
    }
  },
  "parameters": {
    "Cc1": 1.8817917015648217e-12,
    "Cc2": 8.840477698251574e-11,
    "Ibias1": 1.0954569961730026e-05,
    "Ibias2": 2.9683509786167754e-05,
    "Ibias3": 0.00015234795589268022,
    "L1": 0.8316482341706162,
    "L10": 0.825596304899013,
    "L3": 0.5090723976224655,
    "L5": 4.757692362320988,
    "L6a": 0.641194020869289,
    "L6b": 8.893104927523584,
    "L8a": 2.5399425359260626,
    "L8b": 3.805888786523563,
    "L9": 2.6068925521806574,
    "Lbias1": 0.7484427178202635,
    "Lbias2": 0.6438552386138323,
    "Lbias3": 5.1465995696572735,
    "Rc1": 202.7346838600841,
    "Rc2": 4417.058595354774,
    "W1": 332.0660450694589,
    "W10": 269.6546442963567,
    "W3": 11.253432416677489,
    "W5": 2.0602331992935827,
    "W6a": 66.50860267355574,
    "W6b": 1.0460987327193654,
    "W8a": 1.4327520893665309,
    "W8b": 343.77757091149067,
    "W9": 98.20227554936186,
    "Wbias1": 215.79238638238746,
    "Wbias2": 88.09938030573848,
    "Wbias3": 11.707634572925064
  },
  "de_result": {
    "converged": true,
    "iterations": 823,
    "diversity": 0.1401095087825138,
    "stop_reason": "stagnated (div=0.1401, no_improve=150)",
    "best_metric": 292.4647875
  }
}