{
  "measurements": {
    "Doing analysis at TEMP": 27.0,
    "RESULT_VGS1": -2.32181,
    "RESULT_VDS1": -16.6209,
    "RESULT_VGS5": -0.726719,
    "RESULT_VDS5": -12.6782,
    "RESULT_VGS6": 0.7009,
    "RESULT_VDS6": 29.2241,
    "RESULT_VGS7": 0.729091,
    "RESULT_VDS7": 15.1427,
    "RESULT_POWER_MW": 161.404,
    "dc_gain_db": 202.0874,
    "gbw_hz": 20459050.0,
    "phase_at_gbw": 2.807129,
    "RESULT_PHASE_MARGIN": 182.807,
    "cm_gain_db": 2.900406,
    "RESULT_CMRR_DB": 199.187,
    "vout_min": -14.81372,
    "vout_max": 14.98803,
    "RESULT_SWING": 29.8018
  },
  "score": 1.0,
  "details": {
    "dc_gain_db": {
      "measured": 202.0874,
      "target": ">100",
      "met": true,
      "score": 1.0,
      "unit": "dB"
    },
    "gbw_hz": {
      "measured": 20459050.0,
      "target": ">10e6",
      "met": true,
      "score": 1.0,
      "unit": "Hz"
    },
    "phase_margin_deg": {
      "measured": 182.807,
      "target": ">60",
      "met": true,
      "score": 1.0,
      "unit": "deg"
    },
    "power_mw": {
      "measured": 161.404,
      "target": "<500",
      "met": true,
      "score": 1.0,
      "unit": "mW"
    },
    "output_swing_v": {
      "measured": 29.8018,
      "target": ">24",
      "met": true,
      "score": 1.0,
      "unit": "V"
    },
    "cmrr_db": {
      "measured": 199.187,
      "target": ">80",
      "met": true,
      "score": 1.0,
      "unit": "dB"
    }
  },
  "parameters": {
    "Cc1": 2.3472411414441964e-13,
    "Cc2": 8.45118447866584e-13,
    "Ibias1": 5.6625063787500625e-06,
    "Ibias2": 5.31384717949221e-06,
    "Ibias3": 4.277928297140171e-05,
    "L1": 0.5525887191678607,
    "L10": 0.5782274173717369,
    "L3": 2.6976671625829876,
    "L5": 3.1328830823749274,
    "L6a": 0.5409220681350569,
    "L6b": 9.967986058241015,
    "L8a": 1.8626960740277847,
    "L8b": 0.6123040177486894,
    "L9": 0.5569948037166663,
    "Lbias1": 0.5034683421131153,
    "Lbias2": 0.9129959339694659,
    "Lbias3": 6.813476006461627,
    "Rc1": 232.3846776905458,
    "Rc2": 62496.89673975498,
    "W1": 459.1469014723964,
    "W10": 926.4488615512145,
    "W3": 376.8359891611293,
    "W5": 1.363977745733178,
    "W6a": 36.62924483796362,
    "W6b": 1.0067539662498697,
    "W8a": 1.0376088244219006,
    "W8b": 103.45930951938844,
    "W9": 793.215983378655,
    "Wbias1": 154.1367075858088,
    "Wbias2": 412.45115583240494,
    "Wbias3": 9.423697447158617
  },
  "de_result": {
    "converged": true,
    "iterations": 2841,
    "diversity": 0.05453313041849769,
    "stop_reason": "stagnated (div=0.0545, no_improve=150)",
    "best_metric": -8.3784005
  }
}