{
  "measurements": {
    "Doing analysis at TEMP": 27.0,
    "RESULT_VGS1": -2.32202,
    "RESULT_VDS1": -16.6153,
    "RESULT_VGS5": -0.718372,
    "RESULT_VDS5": -12.678,
    "RESULT_VGS6": 0.706731,
    "RESULT_VDS6": 28.781,
    "RESULT_VGS7": 0.783275,
    "RESULT_VDS7": 16.5723,
    "RESULT_POWER_MW": 241.024,
    "dc_gain_db": 186.0786,
    "gbw_hz": 22059650.0,
    "phase_at_gbw": -2.92843,
    "RESULT_PHASE_MARGIN": 177.072,
    "cm_gain_db": 3.232725,
    "RESULT_CMRR_DB": 182.846,
    "vout_min": -14.71728,
    "vout_max": 14.94166,
    "RESULT_SWING": 29.6589
  },
  "score": 1.0,
  "details": {
    "dc_gain_db": {
      "measured": 186.0786,
      "target": ">100",
      "met": true,
      "score": 1.0,
      "unit": "dB"
    },
    "gbw_hz": {
      "measured": 22059650.0,
      "target": ">10e6",
      "met": true,
      "score": 1.0,
      "unit": "Hz"
    },
    "phase_margin_deg": {
      "measured": 177.072,
      "target": ">60",
      "met": true,
      "score": 1.0,
      "unit": "deg"
    },
    "power_mw": {
      "measured": 241.024,
      "target": "<500",
      "met": true,
      "score": 1.0,
      "unit": "mW"
    },
    "output_swing_v": {
      "measured": 29.6589,
      "target": ">24",
      "met": true,
      "score": 1.0,
      "unit": "V"
    },
    "cmrr_db": {
      "measured": 182.846,
      "target": ">80",
      "met": true,
      "score": 1.0,
      "unit": "dB"
    }
  },
  "parameters": {
    "Cc1": 5.771842185829747e-13,
    "Cc2": 9.462120190910171e-13,
    "Ibias1": 5.82536817970384e-06,
    "Ibias2": 1.1994373560266227e-05,
    "Ibias3": 0.00010149596120223687,
    "L1": 0.5307347473410119,
    "L10": 0.6525760456272583,
    "L3": 6.818677453245186,
    "L5": 1.8259131140226437,
    "L6a": 3.1053332979695756,
    "L6b": 9.096046577939303,
    "L8a": 2.8923644099071724,
    "L8b": 1.0434102050345324,
    "L9": 0.7354061804840274,
    "Lbias1": 0.5169183096972233,
    "Lbias2": 0.6997732554013635,
    "Lbias3": 2.530656555979617,
    "Rc1": 209.16859031456949,
    "Rc2": 17887.454034910923,
    "W1": 272.6484264280512,
    "W10": 671.3397040723921,
    "W3": 12.875713570761933,
    "W5": 1.268902126076974,
    "W6a": 8.44533227040126,
    "W6b": 1.0763940300681905,
    "W8a": 2.225168816978464,
    "W8b": 376.9334850800487,
    "W9": 213.86765665748732,
    "Wbias1": 344.47292084763376,
    "Wbias2": 452.5796641502331,
    "Wbias3": 15.318430407786199
  },
  "de_result": {
    "converged": true,
    "iterations": 1085,
    "diversity": 0.11998756300528404,
    "stop_reason": "stagnated (div=0.1200, no_improve=150)",
    "best_metric": -7.85218125
  }
}