{
  "measurements": {
    "Doing analysis at TEMP": 27.0,
    "RESULT_VGS1": -2.3225,
    "RESULT_VDS1": -16.6163,
    "RESULT_VGS5": -0.756375,
    "RESULT_VDS5": -12.6775,
    "RESULT_VGS6": 0.706221,
    "RESULT_VDS6": 28.7187,
    "RESULT_VGS7": 0.813536,
    "RESULT_VDS7": 15.8414,
    "RESULT_POWER_MW": 265.962,
    "dc_gain_db": 176.2128,
    "gbw_hz": 24760910.0,
    "phase_at_gbw": 3.122726,
    "RESULT_PHASE_MARGIN": 183.123,
    "cm_gain_db": 0.55309,
    "RESULT_CMRR_DB": 175.66,
    "vout_min": -14.71088,
    "vout_max": 14.90356,
    "RESULT_SWING": 29.6144
  },
  "score": 1.0,
  "details": {
    "dc_gain_db": {
      "measured": 176.2128,
      "target": ">100",
      "met": true,
      "score": 1.0,
      "unit": "dB"
    },
    "gbw_hz": {
      "measured": 24760910.0,
      "target": ">10e6",
      "met": true,
      "score": 1.0,
      "unit": "Hz"
    },
    "phase_margin_deg": {
      "measured": 183.123,
      "target": ">60",
      "met": true,
      "score": 1.0,
      "unit": "deg"
    },
    "power_mw": {
      "measured": 265.962,
      "target": "<500",
      "met": true,
      "score": 1.0,
      "unit": "mW"
    },
    "output_swing_v": {
      "measured": 29.6144,
      "target": ">24",
      "met": true,
      "score": 1.0,
      "unit": "V"
    },
    "cmrr_db": {
      "measured": 175.66,
      "target": ">80",
      "met": true,
      "score": 1.0,
      "unit": "dB"
    }
  },
  "parameters": {
    "Cc1": 1.3003577463317763e-12,
    "Cc2": 2.0558631081189807e-12,
    "Ibias1": 1.74797302951439e-05,
    "Ibias2": 4.5852469046204614e-05,
    "Ibias3": 5.521838793598101e-05,
    "L1": 0.83254398096798,
    "L10": 0.52941825077825,
    "L3": 5.008698555831305,
    "L5": 6.981068408679141,
    "L6a": 0.7614629574132292,
    "L6b": 9.286852969519558,
    "L8a": 4.494840252883392,
    "L8b": 1.2292223335708274,
    "L9": 2.1314127046720035,
    "Lbias1": 1.5577611726367944,
    "Lbias2": 0.9628651005984467,
    "Lbias3": 2.0957699719399185,
    "Rc1": 5468.511606632312,
    "Rc2": 2799.8676330407234,
    "W1": 393.6621323613518,
    "W10": 514.6657950704194,
    "W3": 63.163398205145604,
    "W5": 2.9629931482316936,
    "W6a": 51.212688491296646,
    "W6b": 1.2783066118504114,
    "W8a": 1.1283756560409726,
    "W8b": 323.0587723461802,
    "W9": 373.55043027521083,
    "Wbias1": 330.22243374688986,
    "Wbias2": 36.66446158982187,
    "Wbias3": 4.3010193430649375
  },
  "de_result": {
    "converged": true,
    "iterations": 801,
    "diversity": 0.1538498810860725,
    "stop_reason": "stagnated (div=0.1538, no_improve=150)",
    "best_metric": -7.5772699999999995
  }
}