{
  "measurements": {
    "Doing analysis at TEMP": 27.0,
    "RESULT_VGS1": -2.32208,
    "RESULT_VDS1": -16.6103,
    "RESULT_VGS5": -0.747656,
    "RESULT_VDS5": -12.6779,
    "RESULT_VGS6": 0.711739,
    "RESULT_VDS6": 28.8263,
    "RESULT_VGS7": 0.844071,
    "RESULT_VDS7": 15.5472,
    "RESULT_POWER_MW": 266.237,
    "dc_gain_db": 169.6837,
    "gbw_hz": 21109310.0,
    "phase_at_gbw": -2.7792,
    "RESULT_PHASE_MARGIN": 177.221,
    "cm_gain_db": -4.570298,
    "RESULT_CMRR_DB": 174.254,
    "vout_min": -14.66102,
    "vout_max": 14.93224,
    "RESULT_SWING": 29.5933
  },
  "score": 1.0,
  "details": {
    "dc_gain_db": {
      "measured": 169.6837,
      "target": ">100",
      "met": true,
      "score": 1.0,
      "unit": "dB"
    },
    "gbw_hz": {
      "measured": 21109310.0,
      "target": ">10e6",
      "met": true,
      "score": 1.0,
      "unit": "Hz"
    },
    "phase_margin_deg": {
      "measured": 177.221,
      "target": ">60",
      "met": true,
      "score": 1.0,
      "unit": "deg"
    },
    "power_mw": {
      "measured": 266.237,
      "target": "<500",
      "met": true,
      "score": 1.0,
      "unit": "mW"
    },
    "output_swing_v": {
      "measured": 29.5933,
      "target": ">24",
      "met": true,
      "score": 1.0,
      "unit": "V"
    },
    "cmrr_db": {
      "measured": 174.254,
      "target": ">80",
      "met": true,
      "score": 1.0,
      "unit": "dB"
    }
  },
  "parameters": {
    "Cc1": 2.0803677159470287e-11,
    "Cc2": 4.176277836508731e-12,
    "Ibias1": 8.86606379133191e-06,
    "Ibias2": 5.775023615144386e-06,
    "Ibias3": 7.3182048145826e-05,
    "L1": 0.5487609876927919,
    "L10": 0.5705403688227407,
    "L3": 11.384418287904955,
    "L5": 8.030709820072211,
    "L6a": 2.0234765581488405,
    "L6b": 8.586217358708868,
    "L8a": 6.98733493318899,
    "L8b": 0.9173752737084311,
    "L9": 1.0791484160991984,
    "Lbias1": 1.0814635912568562,
    "Lbias2": 2.7433272532944524,
    "Lbias3": 5.0902410977951025,
    "Rc1": 165.15948674112587,
    "Rc2": 1602.0213878761876,
    "W1": 361.76656793862253,
    "W10": 463.8440320447929,
    "W3": 21.586336210360656,
    "W5": 2.5506289216712976,
    "W6a": 9.010942088459544,
    "W6b": 1.1669900914199296,
    "W8a": 6.190337464787568,
    "W8b": 297.90097723802535,
    "W9": 269.95396899512843,
    "Wbias1": 162.79332063102817,
    "Wbias2": 196.9722280145041,
    "Wbias3": 17.41061320768906
  },
  "de_result": {
    "converged": true,
    "iterations": 582,
    "diversity": 0.1583742281286548,
    "stop_reason": "stagnated (div=0.1584, no_improve=150)",
    "best_metric": -7.44454425
  }
}