{
  "measurements": {
    "Doing analysis at TEMP": 27.0,
    "RESULT_VGS1": 1.86413,
    "RESULT_VDS1": 16.1609,
    "RESULT_VGS5": 0.739708,
    "RESULT_VDS5": 13.1359,
    "RESULT_VGS6": 29.2968,
    "RESULT_VDS6": 0.00114216,
    "RESULT_VGS7": 0.811886,
    "RESULT_VDS7": 27.3564,
    "RESULT_POWER_MW": 321.156,
    "dc_gain_db": 161.7919,
    "gbw_hz": 33577340.0,
    "phase_at_gbw": 2.299192,
    "RESULT_PHASE_MARGIN": 182.299,
    "cm_gain_db": -17.84594,
    "RESULT_CMRR_DB": 179.638,
    "vout_min": -14.96827,
    "vout_max": 12.39104,
    "RESULT_SWING": 27.3593
  },
  "score": 1.0,
  "details": {
    "dc_gain_db": {
      "measured": 161.7919,
      "target": ">100",
      "met": true,
      "score": 1.0,
      "unit": "dB"
    },
    "gbw_hz": {
      "measured": 33577340.0,
      "target": ">10e6",
      "met": true,
      "score": 1.0,
      "unit": "Hz"
    },
    "phase_margin_deg": {
      "measured": 182.299,
      "target": ">60",
      "met": true,
      "score": 1.0,
      "unit": "deg"
    },
    "power_mw": {
      "measured": 321.156,
      "target": "<500",
      "met": true,
      "score": 1.0,
      "unit": "mW"
    },
    "output_swing_v": {
      "measured": 27.3593,
      "target": ">24",
      "met": true,
      "score": 1.0,
      "unit": "V"
    },
    "cmrr_db": {
      "measured": 179.638,
      "target": ">80",
      "met": true,
      "score": 1.0,
      "unit": "dB"
    }
  },
  "parameters": {
    "Cc1": 3.2418054780792987e-12,
    "Cc2": 4.461292265786742e-11,
    "Ibias1": 2.2484388649180137e-05,
    "Ibias2": 1.1898327129232184e-05,
    "Ibias3": 1.4967565114231849e-05,
    "L1": 0.8453070928245079,
    "L10": 0.5292455999287902,
    "L3": 1.0065243361524947,
    "L5": 8.897091813091002,
    "L6a": 5.774121529703441,
    "L6b": 0.5036826579273483,
    "L8a": 2.074978827517629,
    "L8b": 0.5893877997190734,
    "L9": 4.016163645630528,
    "Lbias1": 0.5577969504759968,
    "Lbias2": 7.215706355777586,
    "Lbias3": 1.8662089354910731,
    "Rc1": 4405.159623479541,
    "Rc2": 72970.03985683658,
    "W1": 478.1860574470197,
    "W10": 128.99673078156687,
    "W3": 401.8019819428386,
    "W5": 14.285157637217889,
    "W6a": 10.962318871549243,
    "W6b": 326.7924549252166,
    "W8a": 12.163320644116457,
    "W8b": 3.028418621056864,
    "W9": 20.091372308505818,
    "Wbias1": 140.46682290306734,
    "Wbias2": 177.04199325160005,
    "Wbias3": 350.81786867403775
  },
  "de_result": {
    "converged": true,
    "iterations": 384,
    "diversity": 0.16180102221957302,
    "stop_reason": "stagnated (div=0.1618, no_improve=150)",
    "best_metric": 93.01767375
  }
}