{
  "measurements": {
    "Doing analysis at TEMP": 27.0,
    "RESULT_VGS1": -2.32197,
    "RESULT_VDS1": -16.6171,
    "RESULT_VGS5": -0.743139,
    "RESULT_VDS5": -12.678,
    "RESULT_VGS6": 0.704882,
    "RESULT_VDS6": 28.8745,
    "RESULT_VGS7": 0.895711,
    "RESULT_VDS7": 14.7071,
    "RESULT_POWER_MW": 301.678,
    "dc_gain_db": 189.5236,
    "gbw_hz": 23237010.0,
    "phase_at_gbw": 2.635223,
    "RESULT_PHASE_MARGIN": 182.635,
    "cm_gain_db": 6.156422,
    "RESULT_CMRR_DB": 183.368,
    "vout_min": -14.80819,
    "vout_max": 14.96401,
    "RESULT_SWING": 29.7722
  },
  "score": 1.0,
  "details": {
    "dc_gain_db": {
      "measured": 189.5236,
      "target": ">100",
      "met": true,
      "score": 1.0,
      "unit": "dB"
    },
    "gbw_hz": {
      "measured": 23237010.0,
      "target": ">10e6",
      "met": true,
      "score": 1.0,
      "unit": "Hz"
    },
    "phase_margin_deg": {
      "measured": 182.635,
      "target": ">60",
      "met": true,
      "score": 1.0,
      "unit": "deg"
    },
    "power_mw": {
      "measured": 301.678,
      "target": "<500",
      "met": true,
      "score": 1.0,
      "unit": "mW"
    },
    "output_swing_v": {
      "measured": 29.7722,
      "target": ">24",
      "met": true,
      "score": 1.0,
      "unit": "V"
    },
    "cmrr_db": {
      "measured": 183.368,
      "target": ">80",
      "met": true,
      "score": 1.0,
      "unit": "dB"
    }
  },
  "parameters": {
    "Cc1": 1.986746486327487e-13,
    "Cc2": 1.6079186581309515e-11,
    "Ibias1": 1.5414644488100486e-05,
    "Ibias2": 6.161884990339182e-06,
    "Ibias3": 2.25040642577627e-05,
    "L1": 0.757930488681171,
    "L10": 0.6839192330503119,
    "L3": 0.569835698911484,
    "L5": 3.8912073327690506,
    "L6a": 0.5830978783528755,
    "L6b": 9.570307666344778,
    "L8a": 3.546232166938263,
    "L8b": 0.7390105442608486,
    "L9": 0.6769118407106206,
    "Lbias1": 0.8170776639266211,
    "Lbias2": 2.132810419743201,
    "Lbias3": 5.094953828427839,
    "Rc1": 1313.6310365827078,
    "Rc2": 93.6841554143655,
    "W1": 480.5582039232575,
    "W10": 871.174498151464,
    "W3": 4.267105055445228,
    "W5": 1.0283572866035584,
    "W6a": 47.47598108203967,
    "W6b": 1.1428847415651684,
    "W8a": 9.319277851420228,
    "W8b": 106.54707332806046,
    "W9": 319.7696865131322,
    "Wbias1": 261.0218397402729,
    "Wbias2": 152.8123452779066,
    "Wbias3": 2.6896542522512066
  },
  "de_result": {
    "converged": true,
    "iterations": 1040,
    "diversity": 0.14523915618824004,
    "stop_reason": "stagnated (div=0.1452, no_improve=150)",
    "best_metric": -7.7462005
  }
}