{
  "measurements": {
    "Doing analysis at TEMP": 27.0,
    "RESULT_VGS1": -2.32338,
    "RESULT_VDS1": -16.6189,
    "RESULT_VGS5": -0.731124,
    "RESULT_VDS5": -12.6766,
    "RESULT_VGS6": 0.704479,
    "RESULT_VDS6": 29.2288,
    "RESULT_VGS7": 1.04634,
    "RESULT_VDS7": 13.0907,
    "RESULT_POWER_MW": 214.336,
    "dc_gain_db": 166.3687,
    "gbw_hz": 35814290.0,
    "phase_at_gbw": 2.743641,
    "RESULT_PHASE_MARGIN": 182.744,
    "cm_gain_db": -5.898892,
    "RESULT_CMRR_DB": 172.268,
    "vout_min": -14.08167,
    "vout_max": 14.93797,
    "RESULT_SWING": 29.0196
  },
  "score": 1.0,
  "details": {
    "dc_gain_db": {
      "measured": 166.3687,
      "target": ">100",
      "met": true,
      "score": 1.0,
      "unit": "dB"
    },
    "gbw_hz": {
      "measured": 35814290.0,
      "target": ">10e6",
      "met": true,
      "score": 1.0,
      "unit": "Hz"
    },
    "phase_margin_deg": {
      "measured": 182.744,
      "target": ">60",
      "met": true,
      "score": 1.0,
      "unit": "deg"
    },
    "power_mw": {
      "measured": 214.336,
      "target": "<500",
      "met": true,
      "score": 1.0,
      "unit": "mW"
    },
    "output_swing_v": {
      "measured": 29.0196,
      "target": ">24",
      "met": true,
      "score": 1.0,
      "unit": "V"
    },
    "cmrr_db": {
      "measured": 172.268,
      "target": ">80",
      "met": true,
      "score": 1.0,
      "unit": "dB"
    }
  },
  "parameters": {
    "Cc1": 1.0283739557392727e-13,
    "Cc2": 2.0694265449395234e-11,
    "Ibias1": 6.829825107691096e-06,
    "Ibias2": 1.681675875366894e-05,
    "Ibias3": 1.3549076693032425e-05,
    "L1": 0.91728471692846,
    "L10": 1.669462072892296,
    "L3": 47.40131558162632,
    "L5": 4.918849607314063,
    "L6a": 0.7785164883564979,
    "L6b": 9.79785864305245,
    "L8a": 4.819152282801468,
    "L8b": 3.4992795896370255,
    "L9": 0.5790858233155358,
    "Lbias1": 0.9048274607006488,
    "Lbias2": 0.844835778405467,
    "Lbias3": 5.135956143135588,
    "Rc1": 1120.695350400574,
    "Rc2": 3777.900797223853,
    "W1": 244.21084348451427,
    "W10": 539.1014682941188,
    "W3": 232.89312955629126,
    "W5": 1.3741469856211626,
    "W6a": 12.865604293801942,
    "W6b": 1.0676383980410808,
    "W8a": 2.6665080768395546,
    "W8b": 393.38328067718584,
    "W9": 158.33632833186613,
    "Wbias1": 246.18000696143727,
    "Wbias2": 198.7681928938168,
    "Wbias3": 1.4038562467945794
  },
  "de_result": {
    "converged": true,
    "iterations": 825,
    "diversity": 0.150899286666051,
    "stop_reason": "stagnated (div=0.1509, no_improve=150)",
    "best_metric": -7.498091
  }
}