{
  "measurements": {
    "Doing analysis at TEMP": 27.0,
    "RESULT_VGS1": -2.32299,
    "RESULT_VDS1": -16.6098,
    "RESULT_VGS5": -0.742778,
    "RESULT_VDS5": -12.677,
    "RESULT_VGS6": 0.713211,
    "RESULT_VDS6": 29.035,
    "RESULT_VGS7": 0.769335,
    "RESULT_VDS7": 15.2002,
    "RESULT_POWER_MW": 185.999,
    "dc_gain_db": 162.384,
    "gbw_hz": 19545560.0,
    "phase_at_gbw": 2.76356,
    "RESULT_PHASE_MARGIN": 182.764,
    "cm_gain_db": -3.266437,
    "RESULT_CMRR_DB": 165.65,
    "vout_min": -14.67223,
    "vout_max": 14.92849,
    "RESULT_SWING": 29.6007
  },
  "score": 1.0,
  "details": {
    "dc_gain_db": {
      "measured": 162.384,
      "target": ">100",
      "met": true,
      "score": 1.0,
      "unit": "dB"
    },
    "gbw_hz": {
      "measured": 19545560.0,
      "target": ">10e6",
      "met": true,
      "score": 1.0,
      "unit": "Hz"
    },
    "phase_margin_deg": {
      "measured": 182.764,
      "target": ">60",
      "met": true,
      "score": 1.0,
      "unit": "deg"
    },
    "power_mw": {
      "measured": 185.999,
      "target": "<500",
      "met": true,
      "score": 1.0,
      "unit": "mW"
    },
    "output_swing_v": {
      "measured": 29.6007,
      "target": ">24",
      "met": true,
      "score": 1.0,
      "unit": "V"
    },
    "cmrr_db": {
      "measured": 165.65,
      "target": ">80",
      "met": true,
      "score": 1.0,
      "unit": "dB"
    }
  },
  "parameters": {
    "Cc1": 1.5241891443945124e-11,
    "Cc2": 2.5181213969256227e-12,
    "Ibias1": 6.447991476950694e-06,
    "Ibias2": 1.690502520753902e-05,
    "Ibias3": 2.4243330697304228e-05,
    "L1": 0.7008589180157997,
    "L10": 0.8755034594433119,
    "L3": 6.638783849400984,
    "L5": 3.252730200349885,
    "L6a": 0.8253146097921624,
    "L6b": 9.562873911007413,
    "L8a": 1.7996748200436852,
    "L8b": 0.727208595393358,
    "L9": 1.2847317552802342,
    "Lbias1": 1.0403676535775492,
    "Lbias2": 2.413200863835104,
    "Lbias3": 7.362813709389404,
    "Rc1": 26526.672266621918,
    "Rc2": 4799.643208979414,
    "W1": 94.0720426481783,
    "W10": 803.5033323966712,
    "W3": 11.639200336697243,
    "W5": 1.5023247596013574,
    "W6a": 22.40950000866674,
    "W6b": 1.063884105453465,
    "W8a": 6.154346675945891,
    "W8b": 125.6424863511189,
    "W9": 304.3908941139505,
    "Wbias1": 141.38397675112859,
    "Wbias2": 249.84743625141158,
    "Wbias3": 5.369255049499773
  },
  "de_result": {
    "converged": true,
    "iterations": 688,
    "diversity": 0.1381389125608897,
    "stop_reason": "stagnated (div=0.1381, no_improve=150)",
    "best_metric": -7.448838749999999
  }
}