{
  "measurements": {
    "Doing analysis at TEMP": 27.0,
    "RESULT_VGS1": -2.32412,
    "RESULT_VDS1": -16.596,
    "RESULT_VGS5": -0.754897,
    "RESULT_VDS5": -12.6759,
    "RESULT_VGS6": 0.728165,
    "RESULT_VDS6": 29.159,
    "RESULT_VGS7": 1.11192,
    "RESULT_VDS7": 12.7767,
    "RESULT_POWER_MW": 271.795,
    "dc_gain_db": 152.662,
    "gbw_hz": 22998570.0,
    "phase_at_gbw": 2.617633,
    "RESULT_PHASE_MARGIN": 182.618,
    "cm_gain_db": -1.747632,
    "RESULT_CMRR_DB": 154.41,
    "vout_min": -13.99099,
    "vout_max": 14.96742,
    "RESULT_SWING": 28.9584
  },
  "score": 1.0,
  "details": {
    "dc_gain_db": {
      "measured": 152.662,
      "target": ">100",
      "met": true,
      "score": 1.0,
      "unit": "dB"
    },
    "gbw_hz": {
      "measured": 22998570.0,
      "target": ">10e6",
      "met": true,
      "score": 1.0,
      "unit": "Hz"
    },
    "phase_margin_deg": {
      "measured": 182.618,
      "target": ">60",
      "met": true,
      "score": 1.0,
      "unit": "deg"
    },
    "power_mw": {
      "measured": 271.795,
      "target": "<500",
      "met": true,
      "score": 1.0,
      "unit": "mW"
    },
    "output_swing_v": {
      "measured": 28.9584,
      "target": ">24",
      "met": true,
      "score": 1.0,
      "unit": "V"
    },
    "cmrr_db": {
      "measured": 154.41,
      "target": ">80",
      "met": true,
      "score": 1.0,
      "unit": "dB"
    }
  },
  "parameters": {
    "Cc1": 4.652848432153978e-12,
    "Cc2": 1.7897140916836747e-13,
    "Ibias1": 1.712111985799335e-05,
    "Ibias2": 2.168782275903646e-05,
    "Ibias3": 0.00015248768644166594,
    "L1": 2.124801262635344,
    "L10": 2.9471828350642455,
    "L3": 6.941110887712135,
    "L5": 3.31746246991956,
    "L6a": 1.1166291382492564,
    "L6b": 9.658068498818572,
    "L8a": 7.130007497237181,
    "L8b": 1.0818439292408293,
    "L9": 1.379180613129522,
    "Lbias1": 0.7986641368292093,
    "Lbias2": 1.437893917911557,
    "Lbias3": 5.921274870362566,
    "Rc1": 359.9423198708631,
    "Rc2": 934.4519772951694,
    "W1": 372.1293448531059,
    "W10": 875.4063334992741,
    "W3": 10.274389300915187,
    "W5": 3.5799564641680477,
    "W6a": 11.589846362758543,
    "W6b": 1.264479754360356,
    "W8a": 4.10955352789834,
    "W8b": 88.20874445736378,
    "W9": 720.0206471025409,
    "Wbias1": 174.89274601612627,
    "Wbias2": 18.220782723952198,
    "Wbias3": 10.90878440172346
  },
  "de_result": {
    "converged": true,
    "iterations": 664,
    "diversity": 0.15592522254645325,
    "stop_reason": "stagnated (div=0.1559, no_improve=150)",
    "best_metric": -6.977880000000001
  }
}