{
  "measurements": {
    "Doing analysis at TEMP": 27.0,
    "RESULT_VGS1": -2.32273,
    "RESULT_VDS1": -16.6076,
    "RESULT_VGS5": -0.748951,
    "RESULT_VDS5": -12.6773,
    "RESULT_VGS6": 0.715139,
    "RESULT_VDS6": 28.9987,
    "RESULT_VGS7": 0.998973,
    "RESULT_VDS7": 13.7232,
    "RESULT_POWER_MW": 229.923,
    "dc_gain_db": 162.927,
    "gbw_hz": 22358740.0,
    "phase_at_gbw": 3.017103,
    "RESULT_PHASE_MARGIN": 183.017,
    "cm_gain_db": -5.096003,
    "RESULT_CMRR_DB": 168.023,
    "vout_min": -14.22911,
    "vout_max": 14.89865,
    "RESULT_SWING": 29.1278
  },
  "score": 1.0,
  "details": {
    "dc_gain_db": {
      "measured": 162.927,
      "target": ">100",
      "met": true,
      "score": 1.0,
      "unit": "dB"
    },
    "gbw_hz": {
      "measured": 22358740.0,
      "target": ">10e6",
      "met": true,
      "score": 1.0,
      "unit": "Hz"
    },
    "phase_margin_deg": {
      "measured": 183.017,
      "target": ">60",
      "met": true,
      "score": 1.0,
      "unit": "deg"
    },
    "power_mw": {
      "measured": 229.923,
      "target": "<500",
      "met": true,
      "score": 1.0,
      "unit": "mW"
    },
    "output_swing_v": {
      "measured": 29.1278,
      "target": ">24",
      "met": true,
      "score": 1.0,
      "unit": "V"
    },
    "cmrr_db": {
      "measured": 168.023,
      "target": ">80",
      "met": true,
      "score": 1.0,
      "unit": "dB"
    }
  },
  "parameters": {
    "Cc1": 2.7558179415748894e-11,
    "Cc2": 2.3643695698445107e-13,
    "Ibias1": 5.391250363256464e-06,
    "Ibias2": 1.7029573743235395e-05,
    "Ibias3": 0.0002635344358598122,
    "L1": 1.4977589695532212,
    "L10": 1.0334550604133688,
    "L3": 5.264824958269402,
    "L5": 5.846215257550877,
    "L6a": 0.9992383000822175,
    "L6b": 9.134326846899855,
    "L8a": 5.784553620146164,
    "L8b": 1.4049013267044947,
    "L9": 1.4442603428165264,
    "Lbias1": 4.217402065003096,
    "Lbias2": 3.3094924649532786,
    "Lbias3": 1.3008705883295442,
    "Rc1": 1925.3582225462249,
    "Rc2": 2082.4848633101183,
    "W1": 400.5382939299884,
    "W10": 381.95716328956667,
    "W3": 6.357392136323523,
    "W5": 1.864583710272611,
    "W6a": 53.98101154828847,
    "W6b": 1.0268580117367385,
    "W8a": 70.93237825472953,
    "W8b": 310.6377332624707,
    "W9": 240.73997390196897,
    "Wbias1": 365.8467940149058,
    "Wbias2": 475.1570407537577,
    "Wbias3": 13.284778881595932
  },
  "de_result": {
    "converged": true,
    "iterations": 746,
    "diversity": 0.15885138223751846,
    "stop_reason": "stagnated (div=0.1589, no_improve=150)",
    "best_metric": -7.3892584999999995
  }
}