{
  "measurements": {
    "Doing analysis at TEMP": 27.0,
    "RESULT_VGS1": -2.32187,
    "RESULT_VDS1": -16.6154,
    "RESULT_VGS5": -0.721847,
    "RESULT_VDS5": -12.6781,
    "RESULT_VGS6": 0.706426,
    "RESULT_VDS6": 29.1877,
    "RESULT_VGS7": 0.77986,
    "RESULT_VDS7": 14.8126,
    "RESULT_POWER_MW": 176.22,
    "dc_gain_db": 175.4853,
    "gbw_hz": 20507060.0,
    "phase_at_gbw": 2.61159,
    "RESULT_PHASE_MARGIN": 182.612,
    "cm_gain_db": -7.220348,
    "RESULT_CMRR_DB": 182.705,
    "vout_min": -14.76288,
    "vout_max": 14.97371,
    "RESULT_SWING": 29.7366
  },
  "score": 1.0,
  "details": {
    "dc_gain_db": {
      "measured": 175.4853,
      "target": ">100",
      "met": true,
      "score": 1.0,
      "unit": "dB"
    },
    "gbw_hz": {
      "measured": 20507060.0,
      "target": ">10e6",
      "met": true,
      "score": 1.0,
      "unit": "Hz"
    },
    "phase_margin_deg": {
      "measured": 182.612,
      "target": ">60",
      "met": true,
      "score": 1.0,
      "unit": "deg"
    },
    "power_mw": {
      "measured": 176.22,
      "target": "<500",
      "met": true,
      "score": 1.0,
      "unit": "mW"
    },
    "output_swing_v": {
      "measured": 29.7366,
      "target": ">24",
      "met": true,
      "score": 1.0,
      "unit": "V"
    },
    "cmrr_db": {
      "measured": 182.705,
      "target": ">80",
      "met": true,
      "score": 1.0,
      "unit": "dB"
    }
  },
  "parameters": {
    "Cc1": 1.3893703638438859e-11,
    "Cc2": 2.498135849733571e-12,
    "Ibias1": 5.443104492575647e-06,
    "Ibias2": 2.199095791090991e-05,
    "Ibias3": 4.1771979893189394e-05,
    "L1": 0.6044773706703693,
    "L10": 0.6751545019663149,
    "L3": 2.1598946216151598,
    "L5": 1.8043314802431911,
    "L6a": 0.8900523874593894,
    "L6b": 9.923566491094082,
    "L8a": 1.8326990015950595,
    "L8b": 1.086792846713245,
    "L9": 1.1347381215709333,
    "Lbias1": 0.5155096677231147,
    "Lbias2": 0.5273262646848879,
    "Lbias3": 1.7482863787099403,
    "Rc1": 374.4834297938592,
    "Rc2": 31.796569858155884,
    "W1": 314.861094481727,
    "W10": 811.7520250715957,
    "W3": 5.127837892908209,
    "W5": 1.0172868060275089,
    "W6a": 7.5081577061820965,
    "W6b": 1.0434590640273922,
    "W8a": 2.360642212782475,
    "W8b": 255.26610950946468,
    "W9": 734.7179287637662,
    "Wbias1": 226.96558422341914,
    "Wbias2": 360.8336137445053,
    "Wbias3": 3.1752237283857205
  },
  "de_result": {
    "converged": true,
    "iterations": 839,
    "diversity": 0.1470736468840278,
    "stop_reason": "stagnated (div=0.1471, no_improve=150)",
    "best_metric": -7.839583499999999
  }
}