{
  "measurements": {
    "Doing analysis at TEMP": 27.0,
    "RESULT_VGS1": -2.46692,
    "RESULT_VDS1": -16.6195,
    "RESULT_VGS5": -0.928348,
    "RESULT_VDS5": -12.5331,
    "RESULT_VGS6": 0.847458,
    "RESULT_VDS6": 29.0495,
    "RESULT_VGS7": 4.34233,
    "RESULT_VDS7": 10.9764,
    "RESULT_POWER_MW": 362.497,
    "dc_gain_db": 102.039,
    "gbw_hz": 19773880.0,
    "phase_at_gbw": 3.128821,
    "RESULT_PHASE_MARGIN": 183.129,
    "cm_gain_db": -3.298849,
    "RESULT_CMRR_DB": 105.338,
    "vout_min": -6.268864,
    "vout_max": 14.93144,
    "RESULT_SWING": 21.2003
  },
  "score": 0.982501875,
  "details": {
    "dc_gain_db": {
      "measured": 102.039,
      "target": ">100",
      "met": true,
      "score": 1.0,
      "unit": "dB"
    },
    "gbw_hz": {
      "measured": 19773880.0,
      "target": ">10e6",
      "met": true,
      "score": 1.0,
      "unit": "Hz"
    },
    "phase_margin_deg": {
      "measured": 183.129,
      "target": ">60",
      "met": true,
      "score": 1.0,
      "unit": "deg"
    },
    "power_mw": {
      "measured": 362.497,
      "target": "<500",
      "met": true,
      "score": 1.0,
      "unit": "mW"
    },
    "output_swing_v": {
      "measured": 21.2003,
      "target": ">24",
      "met": false,
      "score": 0.8833458333333333,
      "unit": "V"
    },
    "cmrr_db": {
      "measured": 105.338,
      "target": ">80",
      "met": true,
      "score": 1.0,
      "unit": "dB"
    }
  },
  "parameters": {
    "Cc1": 2.0444863844939843e-11,
    "Cc2": 3.0765669720640617e-12,
    "Ibias1": 6.797855528447864e-05,
    "Ibias2": 6.647616698874501e-06,
    "Ibias3": 0.0002848667758125196,
    "L1": 0.9039222905483552,
    "L10": 1.8654764262336718,
    "L3": 4.558679227468132,
    "L5": 5.539810266264141,
    "L6a": 1.0900343064500366,
    "L6b": 7.625949834090093,
    "L8a": 1.4468626227748322,
    "L8b": 0.8921661833408682,
    "L9": 0.5302623312511585,
    "Lbias1": 3.6441702152261706,
    "Lbias2": 1.6160607044572624,
    "Lbias3": 1.2108067836066745,
    "Rc1": 1714.6706885816095,
    "Rc2": 197.93171642452293,
    "W1": 1.4935422805511294,
    "W10": 13.258228877672273,
    "W3": 6.863599063457508,
    "W5": 9.726949508856165,
    "W6a": 129.67236243181213,
    "W6b": 1.2170931405723355,
    "W8a": 61.51072997996233,
    "W8b": 30.94607701660773,
    "W9": 131.10247824065925,
    "Wbias1": 181.60689403710484,
    "Wbias2": 1.4656205284258919,
    "Wbias3": 1.7476703526678699
  },
  "de_result": {
    "converged": true,
    "iterations": 285,
    "diversity": 0.19957500044717055,
    "stop_reason": "stagnated (div=0.1996, no_improve=150)",
    "best_metric": -3.7041754049479154
  }
}