{
  "measurements": {
    "Doing analysis at TEMP": 27.0,
    "RESULT_VGS1": -2.32221,
    "RESULT_VDS1": -16.6083,
    "RESULT_VGS5": -0.746005,
    "RESULT_VDS5": -12.6778,
    "RESULT_VGS6": 0.713913,
    "RESULT_VDS6": 28.9121,
    "RESULT_VGS7": 0.990195,
    "RESULT_VDS7": 14.0205,
    "RESULT_POWER_MW": 265.71,
    "dc_gain_db": 172.7785,
    "gbw_hz": 22616550.0,
    "phase_at_gbw": 2.432256,
    "RESULT_PHASE_MARGIN": 182.432,
    "cm_gain_db": 0.721072,
    "RESULT_CMRR_DB": 172.057,
    "vout_min": -14.45516,
    "vout_max": 14.93498,
    "RESULT_SWING": 29.3901
  },
  "score": 1.0,
  "details": {
    "dc_gain_db": {
      "measured": 172.7785,
      "target": ">100",
      "met": true,
      "score": 1.0,
      "unit": "dB"
    },
    "gbw_hz": {
      "measured": 22616550.0,
      "target": ">10e6",
      "met": true,
      "score": 1.0,
      "unit": "Hz"
    },
    "phase_margin_deg": {
      "measured": 182.432,
      "target": ">60",
      "met": true,
      "score": 1.0,
      "unit": "deg"
    },
    "power_mw": {
      "measured": 265.71,
      "target": "<500",
      "met": true,
      "score": 1.0,
      "unit": "mW"
    },
    "output_swing_v": {
      "measured": 29.3901,
      "target": ">24",
      "met": true,
      "score": 1.0,
      "unit": "V"
    },
    "cmrr_db": {
      "measured": 172.057,
      "target": ">80",
      "met": true,
      "score": 1.0,
      "unit": "dB"
    }
  },
  "parameters": {
    "Cc1": 1.5175402686664797e-11,
    "Cc2": 2.001382428394051e-12,
    "Ibias1": 1.4171343020739334e-05,
    "Ibias2": 0.00012050602698325903,
    "Ibias3": 1.3322904689586182e-05,
    "L1": 0.5966707828344481,
    "L10": 1.5392554680492372,
    "L3": 2.0418274965322767,
    "L5": 7.494936779159161,
    "L6a": 0.6195960226685474,
    "L6b": 8.940801532470157,
    "L8a": 1.5137502148434172,
    "L8b": 0.7647542206768805,
    "L9": 1.4143823018480124,
    "Lbias1": 1.0400497523888046,
    "Lbias2": 0.5717497818367463,
    "Lbias3": 3.3454853588324025,
    "Rc1": 80.06483814563245,
    "Rc2": 19.46868281679313,
    "W1": 423.6457973896207,
    "W10": 723.3678300270545,
    "W3": 3.6092634693605374,
    "W5": 3.3481348624613836,
    "W6a": 71.01688305968908,
    "W6b": 1.0939426943728483,
    "W8a": 9.08931057768872,
    "W8b": 174.40460534834665,
    "W9": 368.8426094354019,
    "Wbias1": 268.5383137228053,
    "Wbias2": 159.1588182438199,
    "Wbias3": 1.6346315414392827
  },
  "de_result": {
    "converged": true,
    "iterations": 534,
    "diversity": 0.15220033194793864,
    "stop_reason": "stagnated (div=0.1522, no_improve=150)",
    "best_metric": -7.49532125
  }
}