{
  "measurements": {
    "Doing analysis at TEMP": 27.0,
    "RESULT_VGS1": -2.32275,
    "RESULT_VDS1": -16.6182,
    "RESULT_VGS5": -0.724546,
    "RESULT_VDS5": -12.6772,
    "RESULT_VGS6": 0.704545,
    "RESULT_VDS6": 28.3374,
    "RESULT_VGS7": 1.07285,
    "RESULT_VDS7": 13.32,
    "RESULT_POWER_MW": 322.279,
    "dc_gain_db": 174.8392,
    "gbw_hz": 22435530.0,
    "phase_at_gbw": 2.900047,
    "RESULT_PHASE_MARGIN": 182.9,
    "cm_gain_db": -3.328141,
    "RESULT_CMRR_DB": 178.167,
    "vout_min": -14.52208,
    "vout_max": 14.75077,
    "RESULT_SWING": 29.2728
  },
  "score": 1.0,
  "details": {
    "dc_gain_db": {
      "measured": 174.8392,
      "target": ">100",
      "met": true,
      "score": 1.0,
      "unit": "dB"
    },
    "gbw_hz": {
      "measured": 22435530.0,
      "target": ">10e6",
      "met": true,
      "score": 1.0,
      "unit": "Hz"
    },
    "phase_margin_deg": {
      "measured": 182.9,
      "target": ">60",
      "met": true,
      "score": 1.0,
      "unit": "deg"
    },
    "power_mw": {
      "measured": 322.279,
      "target": "<500",
      "met": true,
      "score": 1.0,
      "unit": "mW"
    },
    "output_swing_v": {
      "measured": 29.2728,
      "target": ">24",
      "met": true,
      "score": 1.0,
      "unit": "V"
    },
    "cmrr_db": {
      "measured": 178.167,
      "target": ">80",
      "met": true,
      "score": 1.0,
      "unit": "dB"
    }
  },
  "parameters": {
    "Cc1": 6.834268388688991e-13,
    "Cc2": 9.42078942199472e-13,
    "Ibias1": 7.713524322816517e-06,
    "Ibias2": 2.498968645718546e-05,
    "Ibias3": 8.423304770469533e-05,
    "L1": 0.6113295025487262,
    "L10": 1.1935675794285174,
    "L3": 2.758960925211584,
    "L5": 1.7344868703575114,
    "L6a": 1.8220781684317253,
    "L6b": 8.801563757614549,
    "L8a": 1.0102134848683362,
    "L8b": 2.393129422235912,
    "L9": 1.4840838626307413,
    "Lbias1": 0.6048793553716091,
    "Lbias2": 0.6770094928392549,
    "Lbias3": 2.498320593092984,
    "Rc1": 26783.795551049236,
    "Rc2": 20926.991810523607,
    "W1": 308.68724940655045,
    "W10": 574.1466921105879,
    "W3": 75.13544938563976,
    "W5": 4.476637688221413,
    "W6a": 82.29734666567904,
    "W6b": 1.1242775068903292,
    "W8a": 2.1183776303010666,
    "W8b": 228.32478845924507,
    "W9": 99.11838979339761,
    "Wbias1": 298.9159907749584,
    "Wbias2": 338.3638694427924,
    "Wbias3": 3.059845301164982
  },
  "de_result": {
    "converged": true,
    "iterations": 770,
    "diversity": 0.16032684663582863,
    "stop_reason": "stagnated (div=0.1603, no_improve=150)",
    "best_metric": -7.359497
  }
}