{
  "measurements": {
    "Doing analysis at TEMP": 27.0,
    "RESULT_VGS1": -2.3221,
    "RESULT_VDS1": -16.617,
    "RESULT_VGS5": -0.743338,
    "RESULT_VDS5": -12.6779,
    "RESULT_VGS6": 0.705052,
    "RESULT_VDS6": 28.4739,
    "RESULT_VGS7": 0.892336,
    "RESULT_VDS7": 15.9086,
    "RESULT_POWER_MW": 288.404,
    "dc_gain_db": 183.7096,
    "gbw_hz": 22153430.0,
    "phase_at_gbw": -2.848614,
    "RESULT_PHASE_MARGIN": 177.151,
    "cm_gain_db": 0.8496329,
    "RESULT_CMRR_DB": 182.86,
    "vout_min": -14.60981,
    "vout_max": 14.87152,
    "RESULT_SWING": 29.4813
  },
  "score": 1.0,
  "details": {
    "dc_gain_db": {
      "measured": 183.7096,
      "target": ">100",
      "met": true,
      "score": 1.0,
      "unit": "dB"
    },
    "gbw_hz": {
      "measured": 22153430.0,
      "target": ">10e6",
      "met": true,
      "score": 1.0,
      "unit": "Hz"
    },
    "phase_margin_deg": {
      "measured": 177.151,
      "target": ">60",
      "met": true,
      "score": 1.0,
      "unit": "deg"
    },
    "power_mw": {
      "measured": 288.404,
      "target": "<500",
      "met": true,
      "score": 1.0,
      "unit": "mW"
    },
    "output_swing_v": {
      "measured": 29.4813,
      "target": ">24",
      "met": true,
      "score": 1.0,
      "unit": "V"
    },
    "cmrr_db": {
      "measured": 182.86,
      "target": ">80",
      "met": true,
      "score": 1.0,
      "unit": "dB"
    }
  },
  "parameters": {
    "Cc1": 9.791584379150255e-13,
    "Cc2": 1.1263515203630993e-12,
    "Ibias1": 1.279605400425208e-05,
    "Ibias2": 2.1354137594002824e-05,
    "Ibias3": 3.9584250800291375e-05,
    "L1": 0.752948853389457,
    "L10": 0.8364320532238472,
    "L3": 7.063990516794558,
    "L5": 6.981245900738093,
    "L6a": 1.6339705304026046,
    "L6b": 8.41098563614816,
    "L8a": 7.050590778492925,
    "L8b": 0.6818817965269746,
    "L9": 0.7465408037495198,
    "Lbias1": 1.3680225824720025,
    "Lbias2": 0.8686823106039956,
    "Lbias3": 9.216595793886027,
    "Rc1": 19963.985820105114,
    "Rc2": 23840.11311080989,
    "W1": 311.0104789285358,
    "W10": 577.5273503672134,
    "W3": 34.108815084079566,
    "W5": 1.2598734177167195,
    "W6a": 37.63879346608556,
    "W6b": 1.0865010496302612,
    "W8a": 10.95160273146687,
    "W8b": 237.29128233272766,
    "W9": 97.89248997408237,
    "Wbias1": 359.45390235052776,
    "Wbias2": 432.141528867643,
    "Wbias3": 19.298522872367734
  },
  "de_result": {
    "converged": true,
    "iterations": 989,
    "diversity": 0.13172837081511518,
    "stop_reason": "stagnated (div=0.1317, no_improve=150)",
    "best_metric": -7.65156125
  }
}