{
  "measurements": {
    "Doing analysis at TEMP": 27.0,
    "RESULT_VGS1": -2.32252,
    "RESULT_VDS1": -16.6109,
    "RESULT_VGS5": -0.736502,
    "RESULT_VDS5": -12.6775,
    "RESULT_VGS6": 0.711642,
    "RESULT_VDS6": 28.3178,
    "RESULT_VGS7": 1.22797,
    "RESULT_VDS7": 12.3264,
    "RESULT_POWER_MW": 325.826,
    "dc_gain_db": 167.1396,
    "gbw_hz": 34267740.0,
    "phase_at_gbw": 3.118381,
    "RESULT_PHASE_MARGIN": 183.118,
    "cm_gain_db": -6.834641,
    "RESULT_CMRR_DB": 173.975,
    "vout_min": -14.20213,
    "vout_max": 14.61339,
    "RESULT_SWING": 28.8155
  },
  "score": 1.0,
  "details": {
    "dc_gain_db": {
      "measured": 167.1396,
      "target": ">100",
      "met": true,
      "score": 1.0,
      "unit": "dB"
    },
    "gbw_hz": {
      "measured": 34267740.0,
      "target": ">10e6",
      "met": true,
      "score": 1.0,
      "unit": "Hz"
    },
    "phase_margin_deg": {
      "measured": 183.118,
      "target": ">60",
      "met": true,
      "score": 1.0,
      "unit": "deg"
    },
    "power_mw": {
      "measured": 325.826,
      "target": "<500",
      "met": true,
      "score": 1.0,
      "unit": "mW"
    },
    "output_swing_v": {
      "measured": 28.8155,
      "target": ">24",
      "met": true,
      "score": 1.0,
      "unit": "V"
    },
    "cmrr_db": {
      "measured": 173.975,
      "target": ">80",
      "met": true,
      "score": 1.0,
      "unit": "dB"
    }
  },
  "parameters": {
    "Cc1": 7.543929538665505e-12,
    "Cc2": 4.822705462495844e-12,
    "Ibias1": 2.456694817015919e-05,
    "Ibias2": 0.00010152881324267627,
    "Ibias3": 0.0002919963137631352,
    "L1": 0.6509169403918701,
    "L10": 0.9579389534784916,
    "L3": 9.593278358310627,
    "L5": 7.6613958491274055,
    "L6a": 0.8156169481243877,
    "L6b": 9.947187805622365,
    "L8a": 6.031300143360849,
    "L8b": 1.3024349694850343,
    "L9": 0.9488277797326989,
    "Lbias1": 0.5372317566054243,
    "Lbias2": 1.013658199136053,
    "Lbias3": 3.2356080063091675,
    "Rc1": 11.881839302018157,
    "Rc2": 34132.7769319537,
    "W1": 190.52158590735485,
    "W10": 267.2129415667255,
    "W3": 8.198298717511179,
    "W5": 1.8313146757438887,
    "W6a": 17.96762539638114,
    "W6b": 1.2547369725326112,
    "W8a": 2.448198269621735,
    "W8b": 92.73276674964745,
    "W9": 40.293227409047184,
    "Wbias1": 382.15988581438774,
    "Wbias2": 123.85853437508506,
    "Wbias3": 10.42061375538726
  },
  "de_result": {
    "converged": true,
    "iterations": 665,
    "diversity": 0.14799767427147276,
    "stop_reason": "stagnated (div=0.1480, no_improve=150)",
    "best_metric": 292.83371725
  }
}