{
  "measurements": {
    "Doing analysis at TEMP": 27.0,
    "RESULT_VGS1": -2.32235,
    "RESULT_VDS1": -16.6054,
    "RESULT_VGS5": -0.763081,
    "RESULT_VDS5": -12.6776,
    "RESULT_VGS6": 0.716944,
    "RESULT_VDS6": 29.0882,
    "RESULT_VGS7": 0.825982,
    "RESULT_VDS7": 15.067,
    "RESULT_POWER_MW": 202.696,
    "dc_gain_db": 169.5378,
    "gbw_hz": 25858480.0,
    "phase_at_gbw": 3.043921,
    "RESULT_PHASE_MARGIN": 183.044,
    "cm_gain_db": 1.539085,
    "RESULT_CMRR_DB": 167.999,
    "vout_min": -14.53404,
    "vout_max": 14.96716,
    "RESULT_SWING": 29.5012
  },
  "score": 1.0,
  "details": {
    "dc_gain_db": {
      "measured": 169.5378,
      "target": ">100",
      "met": true,
      "score": 1.0,
      "unit": "dB"
    },
    "gbw_hz": {
      "measured": 25858480.0,
      "target": ">10e6",
      "met": true,
      "score": 1.0,
      "unit": "Hz"
    },
    "phase_margin_deg": {
      "measured": 183.044,
      "target": ">60",
      "met": true,
      "score": 1.0,
      "unit": "deg"
    },
    "power_mw": {
      "measured": 202.696,
      "target": "<500",
      "met": true,
      "score": 1.0,
      "unit": "mW"
    },
    "output_swing_v": {
      "measured": 29.5012,
      "target": ">24",
      "met": true,
      "score": 1.0,
      "unit": "V"
    },
    "cmrr_db": {
      "measured": 167.999,
      "target": ">80",
      "met": true,
      "score": 1.0,
      "unit": "dB"
    }
  },
  "parameters": {
    "Cc1": 7.229902175059166e-12,
    "Cc2": 5.611971957464376e-12,
    "Ibias1": 1.5138515924953484e-05,
    "Ibias2": 3.678179482779385e-05,
    "Ibias3": 0.00010431805709555361,
    "L1": 0.7227623452905151,
    "L10": 0.5904345229027131,
    "L3": 2.3017378760605367,
    "L5": 8.991981649662732,
    "L6a": 0.7986678409093038,
    "L6b": 9.452374862901635,
    "L8a": 4.986148517771344,
    "L8b": 0.9964893486101566,
    "L9": 0.8122803029244667,
    "Lbias1": 0.9309059971337175,
    "Lbias2": 1.4624792401547841,
    "Lbias3": 1.0531124620125598,
    "Rc1": 1197.067366530969,
    "Rc2": 57768.51065500021,
    "W1": 374.4801888577542,
    "W10": 381.1310560148929,
    "W3": 3.353742996231921,
    "W5": 2.6132378474303373,
    "W6a": 53.362945773898765,
    "W6b": 1.061404153460913,
    "W8a": 43.4269821663606,
    "W8b": 142.3385160914039,
    "W9": 420.73611416402343,
    "Wbias1": 136.45571017038185,
    "Wbias2": 206.36239725820423,
    "Wbias3": 2.7083553864404135
  },
  "de_result": {
    "converged": true,
    "iterations": 755,
    "diversity": 0.14590046074680893,
    "stop_reason": "stagnated (div=0.1459, no_improve=150)",
    "best_metric": 292.373507
  }
}