{
  "measurements": {
    "Doing analysis at TEMP": 27.0,
    "RESULT_VGS1": -2.32183,
    "RESULT_VDS1": -16.6177,
    "RESULT_VGS5": -0.721978,
    "RESULT_VDS5": -12.6782,
    "RESULT_VGS6": 0.70415,
    "RESULT_VDS6": 28.2935,
    "RESULT_VGS7": 0.899155,
    "RESULT_VDS7": 15.7299,
    "RESULT_POWER_MW": 291.278,
    "dc_gain_db": 188.0585,
    "gbw_hz": 25894180.0,
    "phase_at_gbw": -3.116976,
    "RESULT_PHASE_MARGIN": 176.883,
    "cm_gain_db": -0.2129368,
    "RESULT_CMRR_DB": 188.271,
    "vout_min": -14.70193,
    "vout_max": 14.82933,
    "RESULT_SWING": 29.5313
  },
  "score": 1.0,
  "details": {
    "dc_gain_db": {
      "measured": 188.0585,
      "target": ">100",
      "met": true,
      "score": 1.0,
      "unit": "dB"
    },
    "gbw_hz": {
      "measured": 25894180.0,
      "target": ">10e6",
      "met": true,
      "score": 1.0,
      "unit": "Hz"
    },
    "phase_margin_deg": {
      "measured": 176.883,
      "target": ">60",
      "met": true,
      "score": 1.0,
      "unit": "deg"
    },
    "power_mw": {
      "measured": 291.278,
      "target": "<500",
      "met": true,
      "score": 1.0,
      "unit": "mW"
    },
    "output_swing_v": {
      "measured": 29.5313,
      "target": ">24",
      "met": true,
      "score": 1.0,
      "unit": "V"
    },
    "cmrr_db": {
      "measured": 188.271,
      "target": ">80",
      "met": true,
      "score": 1.0,
      "unit": "dB"
    }
  },
  "parameters": {
    "Cc1": 5.513134936829513e-12,
    "Cc2": 2.873916682196225e-13,
    "Ibias1": 5.141512300862853e-06,
    "Ibias2": 8.09951401258171e-06,
    "Ibias3": 0.00013693182307669647,
    "L1": 0.8416975225396753,
    "L10": 0.6261660877587292,
    "L3": 4.0390737071763025,
    "L5": 4.988794193978633,
    "L6a": 0.6436207308137964,
    "L6b": 9.685086692561272,
    "L8a": 4.002247244806605,
    "L8b": 0.5203536636557867,
    "L9": 1.2394471441013575,
    "Lbias1": 0.9341308380083515,
    "Lbias2": 1.602135743078274,
    "Lbias3": 5.9157111244041864,
    "Rc1": 3061.043975634136,
    "Rc2": 60.19161585570123,
    "W1": 444.85426961949867,
    "W10": 537.2948576725507,
    "W3": 15.715415396533302,
    "W5": 1.892410961043548,
    "W6a": 44.22861112460049,
    "W6b": 1.1387530997162714,
    "W8a": 2.6282865101781643,
    "W8b": 92.30555256944305,
    "W9": 121.8382380209383,
    "Wbias1": 383.88195735870045,
    "Wbias2": 64.10719389968479,
    "Wbias3": 23.830769536431163
  },
  "de_result": {
    "converged": true,
    "iterations": 836,
    "diversity": 0.15006652923923094,
    "stop_reason": "stagnated (div=0.1501, no_improve=150)",
    "best_metric": 292.26695775
  }
}