{
  "measurements": {
    "Doing analysis at TEMP": 27.0,
    "RESULT_VGS1": -2.32347,
    "RESULT_VDS1": -16.6137,
    "RESULT_VGS5": -0.759535,
    "RESULT_VDS5": -12.6765,
    "RESULT_VGS6": 0.709728,
    "RESULT_VDS6": 28.5643,
    "RESULT_VGS7": 0.969824,
    "RESULT_VDS7": 13.6594,
    "RESULT_POWER_MW": 245.068,
    "dc_gain_db": 160.3017,
    "gbw_hz": 33823050.0,
    "phase_at_gbw": 2.467115,
    "RESULT_PHASE_MARGIN": 182.467,
    "cm_gain_db": -10.90496,
    "RESULT_CMRR_DB": 171.207,
    "vout_min": -14.47591,
    "vout_max": 14.52917,
    "RESULT_SWING": 29.0051
  },
  "score": 1.0,
  "details": {
    "dc_gain_db": {
      "measured": 160.3017,
      "target": ">100",
      "met": true,
      "score": 1.0,
      "unit": "dB"
    },
    "gbw_hz": {
      "measured": 33823050.0,
      "target": ">10e6",
      "met": true,
      "score": 1.0,
      "unit": "Hz"
    },
    "phase_margin_deg": {
      "measured": 182.467,
      "target": ">60",
      "met": true,
      "score": 1.0,
      "unit": "deg"
    },
    "power_mw": {
      "measured": 245.068,
      "target": "<500",
      "met": true,
      "score": 1.0,
      "unit": "mW"
    },
    "output_swing_v": {
      "measured": 29.0051,
      "target": ">24",
      "met": true,
      "score": 1.0,
      "unit": "V"
    },
    "cmrr_db": {
      "measured": 171.207,
      "target": ">80",
      "met": true,
      "score": 1.0,
      "unit": "dB"
    }
  },
  "parameters": {
    "Cc1": 2.0009763059162477e-11,
    "Cc2": 7.043072076847923e-13,
    "Ibias1": 1.7234367854179888e-05,
    "Ibias2": 4.307900041193746e-05,
    "Ibias3": 0.00022735859539778513,
    "L1": 0.6033482599825571,
    "L10": 1.2243491328085747,
    "L3": 15.39672129178619,
    "L5": 4.744319288709285,
    "L6a": 0.8208645210137163,
    "L6b": 9.149965032455277,
    "L8a": 3.4643873378705727,
    "L8b": 2.0758033062746923,
    "L9": 2.74715719758072,
    "Lbias1": 1.4012629003696033,
    "Lbias2": 2.3150845330788243,
    "Lbias3": 1.072221037486289,
    "Rc1": 433.5629926315343,
    "Rc2": 280.5948570659837,
    "W1": 253.271495744758,
    "W10": 609.8755581695002,
    "W3": 59.85904594213955,
    "W5": 1.3608339943886376,
    "W6a": 41.74390761456703,
    "W6b": 1.0800501435761487,
    "W8a": 5.688707480572159,
    "W8b": 313.1103593320706,
    "W9": 94.98727808017108,
    "Wbias1": 262.56830151398447,
    "Wbias2": 297.3762809530898,
    "Wbias3": 6.087389954537449
  },
  "de_result": {
    "converged": true,
    "iterations": 745,
    "diversity": 0.1575333576041273,
    "stop_reason": "stagnated (div=0.1575, no_improve=150)",
    "best_metric": -7.28364875
  }
}