{
  "measurements": {
    "Doing analysis at TEMP": 27.0,
    "RESULT_VGS1": -2.32227,
    "RESULT_VDS1": -16.6124,
    "RESULT_VGS5": -0.756094,
    "RESULT_VDS5": -12.6777,
    "RESULT_VGS6": 0.709899,
    "RESULT_VDS6": 28.9602,
    "RESULT_VGS7": 0.851134,
    "RESULT_VDS7": 14.6788,
    "RESULT_POWER_MW": 229.232,
    "dc_gain_db": 168.4941,
    "gbw_hz": 44476770.0,
    "phase_at_gbw": 2.702243,
    "RESULT_PHASE_MARGIN": 182.702,
    "cm_gain_db": -4.960279,
    "RESULT_CMRR_DB": 173.454,
    "vout_min": -14.55899,
    "vout_max": 14.88873,
    "RESULT_SWING": 29.4477
  },
  "score": 1.0,
  "details": {
    "dc_gain_db": {
      "measured": 168.4941,
      "target": ">100",
      "met": true,
      "score": 1.0,
      "unit": "dB"
    },
    "gbw_hz": {
      "measured": 44476770.0,
      "target": ">10e6",
      "met": true,
      "score": 1.0,
      "unit": "Hz"
    },
    "phase_margin_deg": {
      "measured": 182.702,
      "target": ">60",
      "met": true,
      "score": 1.0,
      "unit": "deg"
    },
    "power_mw": {
      "measured": 229.232,
      "target": "<500",
      "met": true,
      "score": 1.0,
      "unit": "mW"
    },
    "output_swing_v": {
      "measured": 29.4477,
      "target": ">24",
      "met": true,
      "score": 1.0,
      "unit": "V"
    },
    "cmrr_db": {
      "measured": 173.454,
      "target": ">80",
      "met": true,
      "score": 1.0,
      "unit": "dB"
    }
  },
  "parameters": {
    "Cc1": 5.012728059625586e-12,
    "Cc2": 5.7689251590278885e-12,
    "Ibias1": 2.1463434962443695e-05,
    "Ibias2": 8.295058222014088e-05,
    "Ibias3": 3.616093658253323e-05,
    "L1": 0.5484961145231314,
    "L10": 0.6402683883581917,
    "L3": 1.8511116512706502,
    "L5": 7.730921750418845,
    "L6a": 1.1065066146667641,
    "L6b": 8.916170602744847,
    "L8a": 2.330451057284232,
    "L8b": 0.6596008918037314,
    "L9": 2.109323051771947,
    "Lbias1": 0.5171961507556128,
    "Lbias2": 1.4266526805922513,
    "Lbias3": 3.696899241340824,
    "Rc1": 25.919844541409887,
    "Rc2": 40025.33952095238,
    "W1": 400.7657464369407,
    "W10": 420.15803971370116,
    "W3": 9.307620114789676,
    "W5": 3.3465860255943807,
    "W6a": 16.01315601957113,
    "W6b": 1.1468882946443553,
    "W8a": 1.3151797948511221,
    "W8b": 175.57358427877236,
    "W9": 319.93606950227445,
    "Wbias1": 135.9776903053319,
    "Wbias2": 401.13081074860844,
    "Wbias3": 5.403852549609987
  },
  "de_result": {
    "converged": true,
    "iterations": 772,
    "diversity": 0.1481129641718989,
    "stop_reason": "stagnated (div=0.1481, no_improve=150)",
    "best_metric": 292.47733275
  }
}